AC1,AC2,AC3,AC4,AC5,AC6,AC7,AC8,AA1,AA2,AA3,AA4,AA5,AA6,AA7,AA8,AR1,AR2,AR3,AR4,AR5,AR6,AR7,AR8,1. Presto mucha atención a los sentimientos.,2. Normalmente me preocupo mucho por lo que siento,3. Normalmente dedico tiempo a pensar en mis emociones.,4. Pienso que merece la pena prestar atención a mis emociones y estado de ánimo.,5. Dejo que mis sentimientos afecten a mis pensamientos,6. Pienso en mi estado de ánimo constantemente.,7. A menudo pienso en mis sentimientos,8. Presto mucha atención a cómo me siento.,9. Tengo claro mis sentimientos.,10. Frecuentemente puedo definir mis sentimientos.,11. Casi siempre sé como me siento.,12. Normalmente conozco mis sentimientos sobre las personas.,13. A menudo me doy cuenta de mis sentimientos en diferentes situaciones.,14. Siempre puedo decir cómo me siento.,15. A veces puedo decir cuáles son mis emociones.,16. Puedo llegar a comprender mis sentimientos.,"17. Aunque a veces me siento triste, suelo tener una visión optimista.","18. Aunque me sienta mal, procuro pensar en cosas agradables.","19. Cuando estoy triste, pienso en todos los placeres de la vida.",20. Intento tener pensamientos positivos aunque me sienta mal.,"21. Si doy demasiadas vueltas a las cosas, complicándolas, trato de calmarme.",22. Me esfuerzo por tener un buen estado de ánimo.,23. Tengo mucha energía cuando me siento feliz.,24. Cuando estoy enojado intento que se me pase.,1. A menudo estoy confundido con las emociones que estoy sintiendo.,2. Me es difícil encontrar las palabras correctas para mis sentimientos.,3. Tengo sensaciones físicas que ni incluso los doctores entienden.,4. Soy capaz de expresar mis sentimientos fácilmente.,5. Prefiero analizar los problemas que sólo describirlos.,"6. Cuando estoy mal, no sé si estoy triste, asustado o enfadado.",7. A menudo estoy confundido con las sensaciones de mi cuerpo.,"8. Prefiero dejar que las cosas sucedan solas, mejor que preguntarme por qué suceden de ese modo.",9. Tengo sentimientos que casi no puedo identificar.,10. Estar en contacto con las emociones es esencial.,11. Me es difícil expresar lo que siento acerca de las personas.,12. La gente me dice que exprese más mis sentimientos.,13. No sé qué pasa dentro de mi.,14. A menudo no sé porque estoy enojado.,"15. Prefiero hablar con la gente de sus actividades diarias, en vez de sus sentimientos.","16. Prefiero ver espectáculos simples, pero entretenidos, que dramas psicológicos.",17. Me es difícil revelar mis sentimientos más profundos incluso a mis amigos más cercanos.,18. Puedo sentirme cercano a alguien incluso en momentos de silencio.,19. Es útil examinar mis sentimientos para resolver problemas personales.,20. Buscar significados ocultos a películas o juegos disminuye el placer de disfrutarlos.,AC,AA,AR,AT,CL,RE,AL1,AL2,AL3,new_AC,new_AA,new_AR
5,5,5,5,5,5,5,5,5,5,5,5,5,5,5,5,5,5,5,5,5,4,5,5,4,4,5,5,3,3,4,5,3,3,5,3,4,3,4,3,4,5,5,5,5,5,5,5,2,2,2,2,4,3,2,5,3,1,3,3,2,1,3,5,3,1,1,2,30,31,35,33,28,39,15,13,22,40,40,39
5,4,5,5,5,4,5,4,4,5,3,5,5,4,4,4,4,4,5,5,5,4,4,4,4,4,4,4,3,1,3,3,4,4,5,5,5,4,4,4,5,5,5,5,4,3,4,4,1,1,1,2,3,2,1,2,1,1,1,1,1,1,3,4,3,2,2,3,27,29,31,26,35,35,8,8,20,37,34,35
5,5,5,5,5,5,5,5,5,5,5,5,5,3,3,5,4,5,5,5,5,3,4,5,4,4,4,5,3,5,5,5,3,3,3,3,5,5,5,4,5,5,5,5,4,5,5,5,2,4,3,2,4,4,3,4,3,1,4,4,2,3,2,3,3,2,3,4,30,27,33,35,31,39,20,17,23,40,36,36
5,5,5,5,5,5,4,4,5,5,3,5,5,4,4,4,4,4,4,4,4,3,4,4,4,4,4,4,3,3,3,4,3,4,4,4,4,3,4,4,5,4,3,5,5,4,4,3,2,2,2,3,4,2,2,3,2,2,2,4,1,1,2,5,4,2,2,2,28,30,28,29,30,33,12,15,22,38,35,31
5,5,5,5,5,5,5,5,5,5,3,5,5,3,4,5,5,5,5,5,5,3,2,5,5,3,4,5,3,2,3,3,5,5,5,5,5,3,3,4,3,3,3,3,3,5,5,5,3,2,5,1,5,1,3,3,1,1,1,1,3,3,1,2,4,1,1,3,30,30,32,28,35,30,19,9,17,40,35,35
5,5,5,5,1,5,5,5,5,5,1,5,1,5,5,5,5,5,5,,5,4,5,5,5,5,5,5,1,3,4,3,5,3,5,5,5,5,5,4,3,3,4,5,4,5,5,3,1,1,1,3,3,3,3,5,1,1,3,5,3,3,3,3,5,1,1,3,30,35,30,31,37,32,15,17,20,36,32,34
5,5,5,5,5,5,5,3,5,5,2,5,5,5,5,5,5,5,5,5,5,3,5,5,5,5,4,5,3,3,3,3,5,4,5,5,5,5,5,5,5,5,4,4,4,5,5,5,1,1,1,1,5,1,1,3,2,1,1,1,1,1,1,1,1,5,1,1,28,34,35,31,39,37,8,5,18,38,37,38
5,5,4,5,5,4,4,4,4,5,4,4,5,4,2,4,4,4,4,4,4,3,4,4,3,5,4,4,5,3,4,4,2,3,3,2,2,2,2,3,4,4,4,3,3,4,2,4,4,4,3,4,4,4,3,5,4,2,4,1,3,2,4,4,4,3,3,2,27,25,28,32,19,28,23,17,27,36,32,31
5,4,4,5,5,4,3,3,4,4,5,4,5,3,3,4,4,3,3,4,4,3,4,4,4,4,4,4,3,3,4,4,4,4,4,4,4,3,4,4,5,5,3,5,4,4,5,4,2,1,1,2,3,1,1,2,1,3,2,1,1,1,3,5,2,2,2,3,24,23,26,30,31,35,8,8,23,33,32,29
5,5,5,5,5,5,5,5,5,5,5,5,5,5,5,5,5,5,5,5,5,4,5,5,5,4,4,5,4,4,4,5,5,5,5,5,5,4,5,5,4,4,4,4,4,4,5,3,1,2,1,1,5,1,3,1,1,1,1,1,1,1,1,2,1,1,1,1,30,31,35,35,39,32,9,6,13,40,40,39
5,5,5,5,5,5,4,3,3,5,1,5,3,4,3,4,3,3,3,3,3,1,2,5,4,4,3,3,2,2,3,2,4,4,4,5,5,5,3,5,5,5,4,5,5,5,5,3,1,1,4,1,3,1,1,1,1,2,1,1,1,2,4,5,5,1,2,5,27,29,22,23,35,37,11,9,23,37,28,23
5,5,5,4,5,5,5,4,5,5,2,5,5,1,5,5,4,5,5,5,5,4,4,4,5,5,5,5,4,5,4,4,3,3,4,4,4,3,4,4,5,3,4,4,4,4,5,3,3,4,1,2,5,4,3,4,4,2,4,4,3,4,4,5,4,4,2,4,28,30,32,37,29,32,22,18,30,38,33,36
5,5,5,5,5,5,5,5,5,5,5,5,5,5,4,5,5,5,5,5,5,3,5,5,5,4,5,4,4,5,5,5,5,5,5,5,5,2,4,5,4,4,3,4,4,5,5,5,1,3,1,2,4,1,1,1,1,1,1,2,1,1,1,1,3,1,1,1,30,30,35,37,36,34,7,11,11,40,39,38
4,5,4,5,5,4,3,4,4,5,5,5,5,1,4,5,4,5,4,5,4,4,5,5,2,2,3,5,5,5,2,4,2,2,2,2,2,2,4,2,2,2,1,1,3,2,5,1,4,5,5,5,4,2,2,1,4,2,4,4,4,2,5,3,4,1,3,1,25,25,32,28,18,17,23,22,20,34,34,36
5,5,4,5,5,5,4,4,5,4,5,5,5,5,5,4,5,5,5,5,5,3,4,5,4,2,4,5,3,3,4,3,4,4,4,4,4,4,4,4,5,5,3,5,5,4,4,4,2,2,1,2,3,1,1,2,1,1,2,1,1,1,2,2,2,1,1,2,28,29,34,28,32,35,8,9,14,37,38,37
5,5,5,5,5,5,4,3,4,5,5,5,5,5,3,5,5,5,5,5,5,4,5,5,4,4,3,4,3,4,4,3,3,4,4,4,4,3,5,4,4,5,3,4,4,4,5,4,3,3,1,2,3,2,2,2,2,1,2,4,4,2,3,2,5,2,1,1,27,28,35,29,31,33,16,16,15,37,37,39
4,3,4,3,3,4,3,4,3,4,3,4,3,3,3,3,4,4,3,3,3,3,3,3,4,3,3,3,2,2,3,2,4,4,4,4,4,4,4,3,4,4,4,4,4,4,4,4,2,2,2,2,4,2,2,2,2,3,2,2,2,2,2,4,2,3,3,2,21,23,23,22,31,32,14,10,23,28,26,26
5,5,5,5,5,4,3,1,5,5,5,4,5,3,4,4,4,4,4,4,4,5,4,4,4,3,3,5,4,2,2,4,3,3,2,1,2,1,3,4,3,4,3,4,2,3,4,3,4,5,1,3,3,3,4,4,3,2,3,2,2,1,2,3,3,2,2,3,23,26,28,27,19,26,18,16,21,33,35,33
4,4,4,4,4,5,3,3,4,4,2,5,4,5,4,5,3,4,4,4,4,4,3,5,3,3,3,4,2,3,4,4,3,4,4,4,4,4,4,4,3,4,4,4,4,4,4,4,2,2,2,4,4,2,2,2,2,2,2,4,2,2,3,5,4,2,2,3,23,31,27,26,31,31,14,16,23,31,33,31
5,5,5,5,5,5,5,5,5,5,5,5,5,5,5,5,5,5,5,5,5,2,5,5,5,5,4,5,3,4,5,4,4,4,4,5,5,5,5,5,4,4,3,4,5,4,5,5,1,3,5,2,5,1,2,5,1,1,1,1,1,4,1,1,1,2,1,1,30,31,35,35,37,34,15,8,17,40,40,37
5,5,4,4,5,4,4,4,4,5,2,5,5,5,5,5,4,4,4,4,4,4,4,4,5,4,5,5,4,3,3,4,4,4,4,4,4,4,4,4,4,5,5,4,4,4,5,4,2,2,1,3,4,2,2,3,2,2,3,3,2,2,3,3,3,2,2,3,26,33,28,33,32,35,13,14,22,35,36,32
5,5,4,5,5,5,4,3,5,5,5,5,5,5,5,5,5,5,5,5,5,3,5,5,4,5,5,5,3,4,5,5,4,4,5,4,4,5,3,4,4,5,4,4,4,4,5,3,4,4,2,4,4,3,3,3,2,2,4,5,1,1,1,3,4,1,1,3,27,31,35,36,33,33,16,21,18,36,40,38
5,5,5,5,5,5,5,5,5,5,5,5,5,5,3,5,5,5,5,5,5,2,5,5,4,4,4,5,4,4,4,4,5,5,5,4,5,5,4,5,3,3,3,4,3,4,5,3,1,1,1,1,5,1,1,1,1,1,1,1,1,1,3,2,1,1,1,1,30,29,35,33,38,28,7,5,15,40,38,37
5,5,5,5,5,4,4,3,5,5,5,5,5,4,4,5,4,5,5,5,5,3,4,5,4,4,5,5,3,3,4,4,5,5,5,5,5,5,2,4,5,5,4,5,5,5,5,4,1,1,1,2,4,1,1,4,1,1,1,1,1,1,3,1,2,3,1,1,26,29,33,32,36,38,7,7,18,36,38,36
4,5,4,5,3,5,5,3,3,4,3,4,3,3,3,4,5,4,4,5,4,3,5,3,4,5,4,4,4,3,4,3,4,4,4,4,4,3,3,5,4,3,3,3,3,4,5,4,4,3,3,2,3,3,3,4,4,2,4,4,5,5,4,4,5,2,3,4,27,24,30,31,31,29,27,18,26,34,27,33
5,5,4,5,5,5,3,2,4,5,3,5,5,3,2,4,5,4,5,5,5,3,4,5,4,3,3,5,4,3,3,3,4,4,4,4,4,5,4,5,4,4,3,4,3,4,5,4,2,2,1,1,4,1,1,4,2,1,2,5,1,1,2,5,4,1,2,1,25,26,33,28,34,31,9,14,20,34,31,36
5,5,5,5,5,5,5,5,5,5,1,5,5,5,5,5,5,5,5,5,5,1,5,5,4,4,4,4,4,3,3,3,3,4,5,5,5,4,4,4,4,4,4,4,3,5,5,4,4,3,1,2,4,4,2,2,2,1,2,1,1,2,2,2,1,1,1,2,30,35,35,29,34,33,16,9,15,40,36,36
5,5,5,5,5,5,4,3,5,5,4,5,5,5,5,5,4,5,5,5,5,4,5,5,5,3,4,5,4,3,4,4,4,5,5,5,5,5,4,5,5,5,3,4,4,5,5,4,1,1,1,1,4,1,1,2,1,1,1,1,1,1,2,3,2,1,1,4,27,32,34,32,38,35,7,6,18,37,39,38
1,1,1,4,2,1,3,3,1,1,3,1,4,2,1,5,2,1,4,1,5,4,1,2,5,5,3,3,1,3,3,2,5,5,5,5,1,1,1,3,5,1,2,1,2,2,5,2,2,2,2,2,1,1,1,1,1,1,2,1,1,1,1,3,2,1,4,3,13,14,16,25,26,20,9,9,15,16,18,20
5,5,3,2,5,4,3,1,2,5,4,4,4,3,4,4,3,4,3,5,5,4,3,2,3,3,4,4,5,5,4,2,1,2,2,5,4,3,3,3,1,1,1,1,1,1,4,3,5,5,5,3,4,5,3,1,3,3,3,4,5,5,2,3,4,3,3,2,20,24,25,30,23,13,31,19,21,28,30,29
5,5,5,5,5,5,5,2,5,5,5,5,5,4,2,5,4,,,,,4,5,3,5,5,4,5,1,5,3,5,5,4,4,2,5,4,5,5,4,1,5,3,1,5,5,1,5,5,1,1,5,1,2,5,3,1,3,5,1,1,1,4,1,1,4,1,27,27,12,33,34,25,14,15,22,37,36,16
3,3,4,3,4,3,3,3,5,3,4,3,4,3,3,3,3,3,5,4,3,4,3,4,3,3,3,3,5,2,3,1,1,1,1,1,1,1,1,1,1,1,3,3,1,3,1,3,5,5,5,5,3,5,5,5,5,5,3,5,5,5,3,5,5,4,3,5,18,22,25,23,8,16,35,23,33,26,28,29
5,5,5,5,4,5,5,3,1,5,2,5,3,1,5,4,4,4,3,3,3,5,2,3,2,3,5,4,5,5,5,1,3,1,1,1,3,1,1,1,1,1,1,1,1,2,4,4,1,1,1,5,1,1,1,1,1,2,5,2,1,1,2,1,5,1,1,1,28,25,22,30,12,15,7,18,10,37,26,27
3,3,3,3,2,3,3,5,4,1,2,1,1,3,5,1,1,1,1,1,1,2,5,1,3,3,3,3,3,3,3,3,3,3,3,3,3,3,3,3,3,3,3,5,5,5,5,4,3,3,5,4,3,5,4,3,3,3,3,5,3,3,3,3,1,3,3,1,20,19,11,24,24,33,26,16,22,25,18,13
3,4,1,1,4,3,1,1,5,2,3,4,5,3,2,,2,2,2,1,1,1,4,4,4,4,4,4,1,4,4,4,4,4,4,4,4,4,4,4,4,4,4,4,4,4,4,4,1,1,1,2,4,1,1,1,1,3,1,1,1,1,1,4,1,2,4,3,13,19,16,29,32,32,7,6,22,18,24,17
5,5,5,5,4,4,4,4,5,5,4,4,4,2,5,5,5,4,5,5,5,4,4,5,4,4,3,5,3,4,3,4,5,4,3,3,5,4,3,4,4,5,5,5,4,4,4,4,3,4,4,3,4,5,4,5,4,2,5,4,3,4,2,2,4,2,2,2,27,28,33,30,31,35,27,20,21,36,34,37
5,5,3,3,5,4,4,3,4,5,2,4,4,2,3,4,4,2,1,2,2,3,3,5,1,2,2,3,2,1,1,3,3,3,3,3,4,4,2,1,3,3,5,3,3,3,4,3,4,4,3,4,5,1,4,1,4,3,3,4,4,4,5,2,3,5,3,1,24,26,19,15,23,27,24,18,25,32,28,22
4,4,1,4,3,4,3,1,5,5,5,4,4,4,5,4,5,5,5,4,4,2,3,5,3,3,5,3,3,1,5,3,1,5,3,5,5,3,4,3,4,5,1,4,3,5,4,1,5,5,5,5,3,5,1,5,5,1,4,1,5,1,1,1,3,1,1,1,20,28,31,26,29,27,27,18,14,24,36,33
4,4,3,4,4,4,3,5,4,5,4,4,5,4,5,5,4,5,5,5,5,3,5,4,3,5,5,3,5,5,5,5,3,3,2,1,3,1,2,3,2,2,2,2,3,5,4,4,5,5,4,2,3,5,4,1,3,2,5,5,5,4,5,4,4,5,1,5,24,29,33,36,18,24,30,21,26,31,36,36
5,5,4,5,5,5,5,3,5,5,3,5,5,4,3,5,5,5,5,5,5,4,5,5,4,4,5,4,4,3,4,3,4,2,3,4,4,2,4,4,4,4,4,4,2,4,4,4,2,3,4,4,3,2,2,2,2,2,4,3,3,2,4,2,4,4,2,2,28,30,35,31,27,30,17,18,21,37,35,39
5,5,4,5,5,5,3,1,4,5,5,5,5,5,2,5,5,4,4,5,3,4,4,4,4,4,2,5,4,1,2,5,3,3,4,4,5,4,5,4,5,5,5,5,5,4,4,3,4,4,1,2,5,1,1,3,2,1,2,2,1,1,1,4,1,1,1,2,24,27,29,27,32,36,11,11,18,33,36,33
5,5,4,5,5,5,5,4,5,5,5,4,5,2,5,5,5,5,5,5,5,4,3,5,4,3,4,4,5,5,4,4,3,2,3,4,3,1,3,1,1,1,2,1,1,3,4,1,5,5,3,3,3,5,5,3,5,1,4,4,5,5,2,2,5,2,2,3,29,27,33,33,20,14,33,21,18,38,36,37
5,5,4,5,5,4,3,2,5,5,4,5,2,3,3,5,5,5,4,5,5,5,5,3,5,4,2,5,5,5,4,4,1,1,1,1,5,1,1,1,4,4,2,4,1,1,4,1,5,5,5,5,3,5,5,5,5,1,5,5,5,5,5,5,5,3,3,5,24,28,32,34,12,21,35,25,30,33,32,37
5,5,5,5,5,4,4,1,3,4,5,4,4,2,3,4,4,5,5,5,5,5,5,5,4,4,4,4,5,5,5,5,2,3,3,4,4,2,4,1,1,1,1,1,2,4,5,4,5,5,5,5,3,4,4,3,3,1,5,5,5,3,2,1,4,4,3,2,24,21,34,36,23,19,29,24,19,34,29,39
4,4,4,4,3,4,3,1,1,2,4,3,3,2,2,3,3,4,4,4,4,5,3,3,3,3,3,2,4,2,3,2,3,2,1,2,1,1,1,2,1,1,1,1,2,3,3,1,3,5,3,5,1,5,3,4,3,3,5,2,5,5,5,4,5,3,3,3,20,15,25,22,13,13,27,22,26,27,20,30
4,4,4,4,2,3,2,1,5,3,1,5,3,2,2,2,3,3,3,1,1,3,1,3,1,1,1,3,3,1,1,2,4,3,4,3,4,4,4,5,3,3,5,3,3,4,4,3,3,3,3,4,3,3,3,1,3,3,4,4,1,1,1,1,3,3,3,3,18,24,15,13,31,28,17,18,18,24,23,18
,,,,,,,,,,,,,,,,,,,,,,,,,,,,,,,,,,,,,,,,,,,,,,,,,,,,,,,,,,,,,,,,,,,,0,0,0,0,0,0,0,0,0,0,0,0
,,,,,,,,,,,,,,,,,,,,,,,,,,,,,,,,,,,,,,,,,,,,,,,,,,,,,,,,,,,,,,,,,,,,0,0,0,0,0,0,0,0,0,0,0,0
4,4,4,4,3,4,4,3,4,4,4,4,5,3,3,4,4,4,4,4,4,3,4,4,4,4,4,4,4,4,4,4,3,3,3,3,3,3,3,3,3,4,3,4,3,4,4,3,2,3,1,3,3,3,3,3,3,2,3,4,2,3,3,4,3,3,2,3,23,24,28,32,24,28,17,16,23,30,31,31
5,5,5,5,5,5,5,5,5,5,5,5,5,5,4,5,5,5,5,5,5,3,5,5,4,3,4,5,4,3,3,4,4,4,4,4,4,3,4,4,4,4,4,4,4,5,5,4,2,3,1,2,4,2,2,1,2,1,2,1,1,1,3,3,1,1,1,1,30,30,35,30,31,34,11,9,15,40,39,38
5,5,5,5,1,5,5,5,5,5,1,5,1,5,5,5,5,5,5,5,5,1,5,5,5,5,5,5,5,5,5,5,5,5,5,5,5,5,5,5,5,5,5,5,5,5,5,5,4,4,4,2,4,4,4,4,4,2,4,4,4,4,4,4,4,2,2,4,30,35,35,40,40,40,28,18,26,36,32,36
5,5,5,5,5,5,5,4,5,5,5,5,5,5,5,5,5,5,5,5,5,3,5,5,5,5,5,5,3,4,4,5,3,2,3,4,4,4,4,4,4,4,4,4,3,4,5,3,4,5,3,4,3,3,4,3,3,1,4,4,3,4,3,3,5,3,2,3,29,31,35,36,28,31,24,22,21,39,40,38
5,5,4,5,5,5,5,3,5,5,2,5,5,5,4,5,5,3,4,5,5,3,5,5,5,5,5,5,5,4,4,5,4,5,5,5,5,4,4,5,5,5,4,3,5,5,5,4,2,2,2,1,5,2,2,2,2,1,2,2,1,1,3,3,1,1,1,2,28,33,32,38,37,36,12,8,18,37,36,35
5,5,5,5,5,5,5,5,5,5,5,5,5,5,5,5,5,4,5,3,3,3,5,5,5,5,5,5,3,4,5,5,5,4,4,5,5,4,4,5,5,5,4,5,5,5,5,5,1,1,1,2,5,1,1,3,1,1,1,4,1,2,1,1,1,1,1,1,30,31,30,37,36,39,8,9,14,40,40,33
5,5,5,5,5,5,5,4,5,5,1,5,5,5,4,5,5,5,5,5,5,3,5,5,4,5,4,5,4,4,4,5,4,3,4,4,4,1,2,4,5,4,3,4,4,5,5,4,2,5,4,5,5,1,5,1,2,1,4,2,1,2,5,5,5,1,2,5,29,34,35,35,26,34,17,21,25,39,35,38
5,5,5,5,5,5,5,5,5,5,3,5,5,5,5,5,5,5,5,5,5,3,5,5,5,4,4,5,1,3,3,3,4,3,2,2,2,2,2,3,3,4,2,2,5,3,4,3,4,4,2,4,5,2,3,2,2,2,2,2,2,2,2,2,3,2,1,3,30,33,35,28,20,26,17,15,19,40,38,38
4,4,4,5,4,4,4,4,4,4,3,,4,3,4,4,4,4,4,4,5,4,4,4,4,4,4,4,3,4,4,3,4,4,3,4,4,4,2,3,3,4,4,5,4,4,4,2,3,3,2,2,3,2,3,4,2,3,2,2,3,3,2,4,2,2,3,3,25,22,29,30,28,30,18,11,24,33,26,33
4,4,3,4,5,4,3,2,3,4,1,5,5,3,2,4,1,3,3,4,4,4,1,1,4,3,3,4,3,3,3,4,2,4,3,2,5,2,4,3,4,3,1,3,3,4,5,2,3,2,3,3,3,4,3,5,4,2,5,4,5,3,3,5,2,2,3,3,21,26,17,27,25,25,25,16,26,29,27,21
5,5,5,5,5,5,5,5,5,5,5,5,5,4,5,5,5,5,5,5,5,2,5,5,5,5,4,5,4,3,4,5,5,5,5,5,4,4,4,5,4,5,5,5,4,5,5,5,1,4,1,2,1,2,1,1,1,1,1,1,1,1,1,4,1,2,1,2,30,30,35,35,37,38,8,9,13,40,39,37
5,5,5,5,5,5,5,4,4,5,5,5,5,5,5,5,4,5,5,5,5,3,5,5,4,4,3,5,5,4,4,5,5,3,4,5,4,5,4,4,5,3,3,4,3,4,4,5,2,1,1,3,4,2,1,3,2,1,2,1,1,1,1,1,1,1,1,3,29,30,34,34,34,31,10,8,15,39,39,37
5,5,5,5,5,5,5,5,5,5,1,5,5,5,3,5,5,5,5,5,5,4,5,5,5,5,5,5,5,5,5,5,3,3,2,2,3,2,3,4,5,5,3,4,4,5,5,5,4,4,3,1,4,1,5,4,1,1,1,1,1,1,1,1,1,1,1,1,30,33,35,40,22,36,16,8,14,40,34,39
5,5,5,5,5,5,5,3,5,5,3,5,5,5,5,5,4,5,5,5,5,4,5,5,3,3,2,2,3,2,3,2,4,3,2,2,2,3,3,3,5,5,5,5,3,4,5,5,2,2,1,1,4,5,4,2,1,3,5,1,1,1,2,5,3,2,2,1,28,33,34,20,22,37,15,12,21,38,38,38
5,5,5,5,5,5,5,5,5,5,5,5,5,5,5,5,5,5,5,5,5,3,5,5,5,5,5,5,3,4,4,4,4,3,4,5,4,3,3,5,5,4,3,4,5,5,5,4,2,4,1,4,3,2,2,2,2,1,2,3,2,2,3,3,2,3,2,3,30,31,35,35,31,35,13,15,20,40,40,38
5,5,5,5,5,5,5,4,5,5,5,5,5,5,5,5,5,5,5,5,5,5,5,5,4,5,4,5,5,5,4,4,4,4,5,4,4,4,5,4,4,4,4,4,4,5,5,4,4,4,4,1,4,2,2,2,2,1,2,1,1,1,2,2,1,2,1,1,29,31,35,36,34,34,16,9,15,39,40,40
5,5,5,5,5,5,5,3,4,5,3,3,5,3,4,4,4,4,4,3,3,4,4,3,5,5,5,5,5,3,4,4,2,3,3,3,3,2,4,3,4,3,2,3,4,3,4,2,4,4,4,4,4,3,4,2,4,1,3,4,3,4,2,3,3,2,2,3,28,26,25,36,23,25,26,18,19,38,31,29
5,5,5,5,5,5,4,3,4,5,3,5,5,4,3,5,5,4,4,5,5,4,4,4,4,3,3,5,5,4,4,4,3,4,4,4,3,3,3,3,3,3,3,3,3,4,4,3,4,5,4,3,3,4,3,3,3,1,4,4,4,4,3,2,3,2,3,3,27,29,31,32,27,26,26,19,20,37,34,35
5,5,5,5,5,5,4,3,5,5,5,5,5,4,3,5,5,5,4,4,5,2,5,5,4,3,4,5,3,4,4,4,4,4,4,4,5,5,5,5,5,4,4,4,5,4,5,5,1,2,1,1,5,1,1,2,1,1,1,3,1,1,3,1,3,1,1,1,27,28,33,31,36,36,7,10,15,37,37,35
5,4,3,4,5,3,3,3,4,5,5,4,5,3,1,4,3,3,3,4,5,3,3,4,3,3,4,5,5,3,3,4,3,2,2,3,4,3,2,4,3,3,3,3,4,3,3,3,3,2,1,4,3,1,1,1,3,2,3,2,1,1,3,1,1,3,2,2,22,22,25,30,23,25,11,12,17,30,31,28
4,4,3,4,5,4,4,1,4,4,3,4,4,4,2,4,4,4,4,4,4,3,4,4,3,4,4,4,4,4,4,4,2,4,4,4,4,4,3,4,4,4,4,4,4,4,4,4,3,3,3,2,5,1,2,1,1,2,4,4,4,3,4,3,3,2,2,3,21,25,28,31,29,32,17,16,22,29,29,31
5,5,5,5,5,5,5,5,5,5,5,5,5,5,5,5,5,5,5,5,5,4,5,5,3,3,3,3,2,4,3,4,2,3,4,4,4,4,4,2,4,4,2,4,4,4,5,4,2,2,3,4,3,2,2,3,3,1,5,5,5,4,2,1,4,4,1,3,30,31,35,25,27,31,21,20,18,40,40,39
4,4,4,4,4,4,4,3,4,4,4,4,4,4,4,4,4,4,4,4,4,3,4,4,3,4,4,4,2,3,3,4,4,4,4,3,3,3,3,4,3,4,4,4,3,3,4,3,3,3,2,3,3,3,3,3,3,3,3,3,3,3,3,1,3,3,3,3,23,26,28,27,28,28,20,15,22,31,32,31
5,5,5,5,5,5,5,5,4,5,4,5,5,4,5,5,5,5,5,5,5,4,5,5,3,4,4,4,5,3,3,3,4,4,4,4,4,3,5,4,4,5,5,5,4,4,5,5,1,2,1,2,5,2,1,2,1,1,4,2,1,3,1,1,2,1,1,1,30,30,35,29,32,37,10,12,13,40,37,39
5,5,5,5,5,5,5,5,5,5,4,4,5,4,5,5,5,5,5,5,5,3,5,5,5,3,5,5,4,4,4,4,4,4,3,4,4,3,4,3,3,3,3,3,3,4,5,4,3,4,4,3,5,3,3,3,2,1,2,3,2,2,2,2,3,3,2,1,30,30,35,34,29,28,19,15,19,40,37,38
5,5,5,5,5,5,5,4,5,5,5,5,5,5,4,5,5,5,5,5,5,4,5,5,4,5,5,5,5,5,5,5,5,5,5,5,5,5,5,5,3,4,4,4,4,4,5,5,1,1,1,2,4,1,1,3,1,1,1,5,1,1,1,2,5,2,1,1,29,30,35,39,40,33,7,14,15,39,39,39
5,5,4,5,5,5,4,3,5,5,1,5,5,3,3,5,5,5,5,5,5,5,5,5,3,2,1,5,5,3,1,5,1,3,1,3,3,1,1,3,5,4,3,5,5,5,5,5,5,5,1,5,5,1,2,5,5,1,5,5,3,1,3,1,5,1,1,1,27,31,35,25,16,37,18,25,18,36,32,40
5,5,5,5,5,5,4,4,5,5,5,5,5,4,4,5,5,5,5,5,5,2,5,5,5,5,4,5,3,4,4,5,5,4,5,5,4,3,3,4,5,5,3,5,5,5,5,5,2,3,1,3,4,2,2,3,1,1,3,3,2,1,3,3,3,1,1,3,28,29,35,35,33,38,11,15,19,38,38,37
5,5,5,5,5,5,5,5,5,5,5,5,5,3,5,5,5,5,5,5,5,1,5,5,3,3,3,3,5,2,3,3,5,5,3,5,3,3,5,5,1,1,1,1,3,5,5,3,3,5,1,5,5,5,1,5,5,4,5,5,3,2,5,3,5,4,1,1,30,29,35,25,34,20,20,25,28,40,38,36
5,5,5,5,5,5,3,2,4,5,2,5,5,5,5,5,5,5,5,4,5,4,5,5,4,5,4,4,4,4,3,3,2,2,2,2,2,3,2,3,3,2,2,3,3,4,5,4,4,4,1,4,4,3,3,3,4,2,2,4,3,2,2,2,5,2,2,3,25,33,34,31,18,26,20,19,20,35,36,38
5,5,5,5,5,5,5,5,5,5,5,5,5,5,3,5,5,4,5,5,5,2,5,5,4,4,2,5,1,1,1,1,5,5,5,5,5,5,3,5,5,3,3,4,4,3,3,3,1,1,1,1,3,1,1,2,1,1,1,1,1,1,3,3,1,1,1,1,30,29,34,19,38,28,7,5,15,40,38,36
5,5,5,5,5,5,4,3,5,5,5,5,5,5,4,,5,5,5,5,5,4,5,5,4,5,4,5,4,4,4,5,4,4,4,5,4,5,4,5,5,4,4,5,3,4,5,3,2,2,2,1,5,1,1,2,1,1,2,2,1,2,3,1,1,4,1,1,27,25,35,35,35,33,10,8,18,37,34,39
5,5,5,5,5,5,4,3,3,5,4,5,5,4,5,5,5,5,5,5,5,5,5,5,3,3,2,4,4,3,3,3,2,1,2,2,3,2,2,2,3,3,3,3,4,3,5,3,2,2,3,4,3,5,5,3,5,1,3,5,4,5,3,2,5,2,2,2,27,29,35,25,16,27,29,19,18,37,36,40
5,5,5,5,5,5,4,2,4,5,5,5,5,5,5,5,5,5,5,5,5,4,5,5,5,4,4,5,4,2,4,3,4,4,4,3,4,2,4,4,4,2,1,2,4,2,4,2,4,4,1,2,5,1,2,2,2,1,4,3,2,2,2,2,4,2,1,1,26,30,35,31,29,21,14,17,16,36,39,39
5,5,5,5,5,4,4,4,4,5,3,5,5,4,4,5,5,5,5,5,5,4,5,5,4,4,2,5,4,2,2,3,3,4,2,4,4,2,4,4,2,2,2,2,3,4,4,2,4,3,5,5,4,4,4,4,3,1,4,5,4,4,2,2,4,2,1,4,27,30,35,26,27,21,28,21,20,37,35,39
5,5,5,5,5,5,5,4,4,5,5,5,5,4,5,5,4,5,5,5,5,4,4,5,4,5,5,5,4,5,5,5,4,3,3,3,4,2,4,4,4,4,4,4,4,5,5,4,3,3,4,3,3,2,2,1,2,2,2,4,2,2,3,3,3,2,2,2,29,29,33,38,27,34,17,15,18,39,38,37
5,5,5,5,5,5,5,3,5,5,2,5,5,3,2,5,5,5,5,5,5,3,5,2,5,5,5,5,4,5,5,5,3,3,3,3,4,3,3,3,3,2,4,4,5,4,4,4,3,3,3,4,4,5,4,3,4,1,4,4,3,3,2,1,5,3,3,2,28,29,32,39,25,30,25,20,19,38,32,35
5,5,5,5,5,5,4,4,4,4,3,4,5,4,4,4,4,5,4,3,4,4,4,4,4,4,4,5,4,2,2,4,4,4,2,4,4,2,4,4,5,4,4,4,4,4,4,4,2,2,1,4,3,2,2,2,2,2,3,2,1,1,3,2,2,2,2,3,28,27,28,29,28,33,11,13,19,38,32,32
5,5,3,4,5,4,4,3,4,5,4,4,5,2,4,4,5,5,5,5,5,3,4,5,4,5,4,5,4,4,3,4,3,4,4,4,4,3,4,4,2,3,1,2,3,4,5,2,4,5,4,2,4,5,4,2,4,2,4,4,4,4,3,2,4,3,1,1,25,25,34,33,30,22,29,19,18,33,32,37
5,5,5,5,5,4,5,3,5,5,3,3,5,2,4,5,3,5,5,5,5,4,3,5,5,4,4,5,4,2,3,3,3,5,5,5,5,5,2,5,5,4,2,3,4,5,5,5,2,1,1,1,5,1,2,1,1,1,1,1,1,1,1,2,1,1,1,1,27,27,31,30,35,33,9,5,13,37,32,35
5,5,5,5,5,5,5,3,5,5,3,5,5,5,4,5,5,5,5,5,5,1,3,5,5,5,5,5,3,5,5,5,4,4,4,3,5,5,5,3,4,3,2,5,4,5,5,5,2,3,1,1,5,2,2,4,2,1,4,2,1,3,2,3,1,1,1,1,28,32,33,38,33,33,13,11,18,38,37,34
4,5,5,3,5,5,5,4,5,5,3,5,4,5,5,5,5,5,5,5,5,3,5,5,4,3,3,5,3,3,3,4,5,5,5,4,5,5,5,3,5,5,5,5,5,3,3,3,2,2,3,2,5,1,1,4,3,1,3,5,3,2,3,3,3,4,1,3,26,33,35,28,37,34,15,15,24,36,37,38
5,5,3,5,5,5,5,5,5,5,4,5,5,4,5,5,4,4,5,5,5,2,4,5,5,5,5,5,4,4,4,5,3,4,4,4,5,2,4,4,4,1,1,1,2,4,5,4,2,2,1,4,4,2,2,1,3,1,4,1,2,4,3,1,2,2,1,2,30,31,32,37,30,22,16,13,15,38,38,34
5,5,5,5,5,5,5,3,4,5,5,5,5,4,4,5,5,5,5,5,5,4,5,5,4,4,4,5,2,4,4,4,4,4,4,4,4,2,4,4,4,4,3,4,4,4,5,4,2,3,2,4,4,2,2,2,2,1,3,4,2,2,2,2,3,2,2,1,28,28,35,31,30,32,14,17,16,38,37,39
5,4,4,4,5,4,5,4,4,5,1,4,5,4,4,4,4,4,4,4,4,4,4,4,4,4,4,4,4,4,4,4,4,4,4,4,4,4,4,4,4,4,4,4,4,4,4,4,2,2,2,2,4,2,2,2,2,2,2,2,2,2,2,2,2,2,2,2,26,30,28,32,32,32,14,10,18,35,31,32
5,5,5,5,5,5,5,3,4,5,4,5,5,3,4,5,5,5,5,5,5,3,5,5,3,4,3,4,3,3,3,4,3,3,3,3,4,4,4,4,3,3,4,4,3,4,5,3,2,4,3,4,5,3,3,4,4,1,3,4,2,2,1,1,2,1,1,2,28,28,35,27,28,29,19,17,16,38,35,38
5,5,5,5,5,5,5,5,5,5,5,5,5,5,5,5,5,5,5,5,5,5,5,5,5,5,5,5,2,5,5,5,1,1,1,1,2,1,5,5,3,3,3,2,5,5,5,5,5,5,1,5,5,5,5,1,5,1,3,1,3,5,1,1,1,1,1,3,30,31,35,37,17,31,29,15,14,40,40,40
5,5,5,5,5,5,5,4,5,5,4,5,5,5,5,5,5,5,5,5,5,4,5,5,4,2,3,5,1,2,3,3,3,2,2,2,3,1,4,4,4,4,3,4,4,5,4,4,3,4,4,3,5,2,3,1,3,1,4,5,2,3,1,1,5,2,2,1,29,32,35,23,21,32,20,21,14,39,39,39
5,5,5,5,5,4,5,1,5,5,3,5,5,3,4,5,5,5,5,5,5,5,5,5,3,4,3,4,5,4,4,2,1,1,3,1,2,3,3,3,5,5,3,5,2,4,5,1,4,5,5,3,4,3,4,5,3,1,2,1,2,5,3,1,5,2,2,2,25,30,35,29,17,30,26,16,20,35,35,40
5,5,5,5,5,5,4,3,5,5,3,5,5,5,4,5,5,4,5,5,5,3,5,5,5,4,3,5,3,3,5,5,5,5,5,5,5,4,4,5,5,5,5,5,5,5,5,4,1,5,2,3,5,2,2,2,1,1,3,3,1,3,1,1,2,1,1,1,27,32,34,33,38,39,12,16,13,37,37,37
5,5,5,5,5,4,5,3,5,5,4,5,5,4,4,5,4,5,5,5,5,3,4,5,4,5,4,5,4,3,4,3,5,4,4,4,4,2,4,5,4,4,3,4,4,4,5,3,4,3,4,3,5,4,2,2,1,1,2,2,1,2,4,3,2,2,1,3,27,30,33,32,32,31,18,12,21,37,37,36
5,5,3,5,3,3,3,4,5,5,2,5,5,3,4,5,5,5,5,5,5,4,5,5,5,5,4,5,5,3,4,3,1,3,4,4,4,3,4,4,1,5,1,1,2,3,4,4,5,5,5,3,4,2,5,5,5,1,5,5,5,4,1,1,3,2,2,3,25,31,35,34,27,21,31,21,19,31,34,39
5,5,3,4,5,4,3,1,3,5,3,4,5,3,3,5,4,5,5,5,5,4,3,5,4,3,3,4,4,4,3,3,2,2,1,4,2,3,3,3,2,2,2,2,2,3,4,2,5,5,5,4,4,4,4,2,3,3,3,4,4,3,3,5,4,2,2,2,22,26,32,28,20,19,28,20,23,30,31,36
5,5,5,5,5,5,5,5,5,5,3,5,5,5,3,5,5,5,5,5,5,1,1,5,5,5,5,5,5,5,5,5,5,5,4,5,5,3,5,5,2,2,1,1,3,4,5,5,1,2,5,2,5,5,5,2,2,1,3,1,1,1,1,1,4,1,1,3,30,31,31,40,37,23,20,12,15,40,36,32
5,5,5,5,5,5,4,3,4,5,4,5,5,4,5,5,5,5,5,5,5,5,5,4,4,4,3,5,5,3,3,3,2,2,3,4,3,2,4,3,2,3,3,3,3,3,4,3,4,5,3,5,4,5,4,4,4,2,4,4,5,4,3,3,4,2,2,2,27,30,34,30,23,24,29,22,22,37,37,39
5,5,5,5,5,5,4,4,5,5,4,5,5,5,5,5,5,5,5,5,5,4,5,5,4,4,4,5,4,5,5,5,4,3,3,4,4,3,4,4,3,4,3,3,4,3,5,3,3,3,3,3,3,3,4,3,3,2,2,4,3,2,3,1,4,1,1,2,28,32,35,36,29,28,21,16,16,38,39,39
5,5,5,5,5,5,5,5,5,5,4,5,5,5,5,5,5,5,5,5,5,3,5,5,4,4,4,5,3,4,4,4,3,3,4,4,4,4,4,3,4,4,4,4,5,4,5,4,2,2,1,4,4,1,1,3,1,1,2,5,2,2,2,1,4,2,1,1,30,32,35,32,29,34,10,17,15,40,39,38
5,5,3,5,5,4,3,3,4,5,1,5,5,4,4,4,4,5,5,4,4,3,3,4,5,5,5,5,4,4,4,4,4,3,3,4,4,4,4,4,4,4,3,4,4,3,5,4,2,2,1,3,4,4,1,3,1,2,2,1,1,2,2,2,2,2,2,3,25,31,29,36,30,31,12,10,20,33,32,32
5,5,5,5,5,5,5,3,5,5,5,5,5,5,5,5,4,5,5,5,5,3,5,5,5,5,5,5,3,5,5,5,4,4,4,4,4,3,3,4,4,4,4,4,4,4,5,4,2,2,1,2,5,1,2,1,1,1,2,3,2,1,2,1,4,3,1,2,28,31,34,38,30,33,10,13,16,38,40,37
4,5,4,5,5,5,4,3,5,5,5,5,3,3,4,3,5,4,5,3,4,5,5,2,3,1,2,2,2,1,1,3,2,2,2,2,2,2,3,2,3,2,3,3,5,3,2,1,3,2,3,3,4,3,4,3,5,2,3,3,4,5,4,3,5,1,2,4,26,26,28,15,17,22,27,16,23,35,33,33
5,5,5,5,5,5,5,3,5,5,5,5,5,3,4,5,5,5,5,5,5,3,5,5,4,5,3,4,5,4,4,4,4,4,4,5,4,4,4,3,1,2,1,4,5,3,4,4,4,3,3,5,5,2,4,1,3,1,5,3,4,5,5,1,5,2,1,1,28,28,35,33,32,24,25,21,17,38,37,38
5,5,5,5,4,4,5,3,5,5,4,5,5,3,4,5,5,5,5,4,5,4,4,5,4,5,4,5,2,1,3,4,5,5,4,4,3,4,3,4,4,3,2,3,4,5,5,5,3,3,1,3,4,2,1,3,2,1,4,5,1,1,3,2,5,2,2,1,27,29,33,28,32,31,11,20,18,36,36,37
5,5,5,5,5,5,5,3,5,5,2,5,5,5,5,5,5,5,5,5,5,3,5,5,5,5,5,5,5,4,4,5,3,4,5,4,5,3,3,4,3,2,2,3,4,4,5,5,4,4,4,4,5,4,3,3,2,1,4,3,3,2,2,1,3,1,1,1,28,34,35,38,31,28,22,18,15,38,37,38
5,5,5,5,5,5,5,4,5,5,5,5,5,5,4,5,5,5,5,5,5,4,4,5,4,4,4,4,3,4,4,4,3,4,4,4,4,3,4,4,5,5,5,5,5,5,4,5,2,2,1,2,5,1,1,4,2,1,1,1,1,1,1,1,5,1,1,5,29,30,34,31,30,39,9,11,19,39,39,38
5,5,5,5,5,3,4,3,4,5,3,5,5,3,3,5,4,4,5,5,5,3,4,5,5,4,4,5,3,4,4,4,3,2,3,3,4,3,3,4,2,2,2,3,4,4,5,5,3,4,3,4,4,1,2,2,3,1,4,4,3,1,3,2,5,2,2,3,25,28,32,33,25,27,16,21,19,35,33,35
5,5,5,5,5,5,4,4,5,5,3,5,5,5,3,5,5,5,5,5,5,4,5,5,4,4,4,5,2,4,4,5,4,4,4,3,3,3,4,4,5,5,5,5,5,5,5,4,2,2,1,2,5,1,3,1,3,1,4,4,1,1,5,3,1,1,1,4,28,31,35,32,29,39,12,13,21,38,36,39
5,5,5,5,5,4,5,4,4,5,4,4,5,4,4,4,4,4,5,5,5,3,5,5,5,5,4,5,4,4,4,4,2,2,3,4,4,2,4,4,3,4,2,4,3,4,5,4,2,4,4,4,4,4,3,2,4,2,2,2,4,4,2,1,4,3,2,1,28,27,33,35,25,29,25,16,17,38,34,36
5,4,5,5,4,5,5,2,5,5,4,5,5,4,5,4,5,5,5,5,5,4,5,5,4,4,4,4,3,4,4,4,4,4,4,4,4,4,4,4,4,4,4,4,4,4,5,4,2,2,1,2,4,2,2,2,2,2,1,2,1,1,1,3,4,3,2,1,26,30,35,31,32,33,11,11,18,35,37,39
4,3,3,4,4,3,3,3,4,4,3,4,4,3,4,3,4,5,5,4,3,2,4,5,4,5,3,4,3,5,4,5,4,4,4,5,5,4,5,5,3,3,3,4,4,4,4,5,3,3,3,1,5,2,2,2,4,2,2,3,2,2,2,3,2,4,2,2,20,25,30,33,36,30,18,11,22,27,29,32
5,5,5,5,5,5,5,5,5,5,5,5,5,5,5,5,5,5,5,5,5,5,5,5,5,5,5,5,1,2,4,4,4,4,5,5,5,5,5,5,5,5,5,5,5,5,5,5,1,1,1,1,4,1,1,5,1,1,5,5,5,1,3,2,1,1,1,2,30,31,35,31,38,40,11,13,19,40,40,40
5,5,4,5,4,3,4,2,2,3,3,4,4,2,4,,4,4,4,5,5,4,4,5,2,3,2,4,5,3,3,2,2,1,2,2,3,1,2,2,4,4,5,4,2,4,2,4,4,5,2,2,5,2,1,3,2,2,3,4,3,2,4,2,3,4,2,1,24,18,31,24,15,29,16,17,23,32,22,35
5,5,5,5,5,5,5,3,5,5,5,5,5,5,5,5,5,5,5,5,5,3,5,5,4,5,3,5,5,5,5,5,4,4,4,4,5,3,3,4,2,2,2,3,4,4,5,4,4,4,5,3,4,5,4,3,3,1,5,5,4,4,5,3,3,1,1,3,28,31,35,37,31,26,29,20,21,38,40,38
5,4,4,4,5,3,3,2,4,5,2,4,5,2,4,4,3,4,4,4,4,3,4,4,2,3,3,3,2,2,2,2,2,3,3,3,4,2,4,3,5,5,3,5,2,4,5,5,3,3,1,4,4,2,3,2,2,2,3,2,1,1,2,2,4,2,2,2,21,27,27,19,24,34,13,16,18,30,30,30
4,5,5,4,4,4,4,5,4,5,4,4,5,4,4,5,4,5,4,4,5,4,4,4,4,3,4,5,4,4,4,4,2,2,2,3,3,3,3,2,3,3,4,4,5,4,5,4,4,4,3,2,5,2,4,2,2,1,4,2,2,4,2,1,2,2,1,2,26,28,30,32,20,32,21,14,16,35,35,34
3,4,5,5,5,4,4,4,4,4,4,4,5,3,3,4,4,4,5,4,4,4,4,4,3,4,3,3,4,3,3,3,3,3,3,4,4,3,3,3,3,3,3,3,3,4,4,3,3,3,2,3,3,3,3,3,3,3,3,2,3,3,2,2,1,2,3,4,24,24,29,26,26,26,20,12,22,34,31,33
5,5,2,3,5,4,3,2,4,4,2,5,4,4,3,4,3,5,5,4,4,3,4,4,5,3,3,4,2,1,2,2,3,4,4,4,4,4,5,5,5,4,2,4,4,4,4,4,2,1,2,5,4,1,1,3,1,2,2,4,1,1,3,1,1,4,2,1,22,28,29,22,33,31,9,13,20,29,30,32
5,5,5,5,5,4,3,3,4,4,5,4,5,4,4,4,5,4,4,4,4,3,4,3,4,3,3,4,4,3,3,3,3,3,3,4,4,3,3,3,4,4,3,4,3,4,3,4,3,5,5,4,5,4,3,4,1,2,3,1,2,1,2,5,5,3,2,5,25,25,28,27,26,29,19,18,28,35,34,31
4,4,4,4,5,4,4,3,4,5,3,4,5,3,4,5,5,5,5,5,5,5,5,3,4,4,4,5,3,3,3,3,3,3,3,3,3,3,3,3,4,4,3,4,4,4,4,4,3,3,3,4,4,3,3,3,3,2,4,4,3,4,3,3,4,3,3,4,23,28,33,29,24,31,22,19,25,32,33,38
5,5,5,5,5,5,5,5,5,5,5,5,5,5,5,5,5,5,5,5,5,3,5,5,5,3,3,5,3,4,5,5,5,5,5,5,5,5,5,5,5,5,3,5,1,3,3,3,1,3,1,2,3,1,1,3,1,1,3,1,1,1,3,3,3,3,1,1,30,31,35,33,40,28,7,12,18,40,40,38
5,5,5,5,5,5,5,5,5,5,2,4,4,4,5,4,4,4,4,5,4,2,4,4,4,2,2,4,2,1,1,4,4,4,4,4,4,4,4,4,4,4,2,4,4,2,4,2,2,2,2,4,4,2,2,2,2,2,2,3,2,2,2,2,2,2,2,2,30,31,29,20,32,26,14,13,18,40,33,31
5,5,4,5,5,5,5,5,5,5,5,5,5,5,4,5,5,5,5,5,5,2,5,5,4,4,4,5,4,4,4,4,5,5,5,5,4,5,4,5,5,5,5,5,5,5,5,5,1,2,1,2,4,1,2,1,1,1,5,1,1,1,1,1,2,2,1,2,30,30,35,33,38,40,8,12,13,39,39,37
5,5,5,5,5,5,5,3,3,4,,5,4,3,5,5,3,5,5,5,5,5,5,5,5,5,5,3,5,5,5,5,1,1,3,3,3,3,3,1,1,1,1,3,2,4,5,2,5,5,5,3,2,5,5,3,5,3,3,3,5,5,1,5,5,3,5,5,28,25,33,38,18,19,35,19,27,38,29,38
5,5,5,5,5,5,5,4,5,5,5,5,5,3,4,5,5,5,5,5,5,3,5,5,4,4,3,3,2,2,3,2,3,3,3,2,3,3,3,3,5,5,5,5,3,1,5,1,2,4,5,3,2,1,3,3,1,1,5,1,1,1,3,3,3,1,2,2,29,28,35,23,23,30,14,16,17,39,37,38
5,5,5,5,5,5,5,5,5,5,5,5,5,5,3,5,5,5,5,5,5,3,5,5,5,5,4,5,3,5,5,4,5,5,5,4,4,3,3,4,5,5,3,5,5,5,5,5,1,1,1,5,3,1,1,2,1,1,1,1,1,1,2,5,2,1,1,4,30,29,35,36,33,38,7,10,19,40,38,38
5,5,5,5,5,5,4,4,5,5,4,5,5,5,3,5,5,5,5,5,5,5,5,5,5,5,5,5,3,3,4,5,3,2,3,3,3,2,5,4,3,4,3,4,3,3,5,3,3,1,3,1,3,3,1,3,1,1,1,1,1,1,3,5,1,1,1,1,28,30,35,35,25,28,13,5,18,38,37,40
5,5,5,5,5,5,4,4,5,5,3,4,5,3,3,5,2,4,3,4,4,4,5,4,4,5,3,5,3,4,4,4,4,3,4,4,4,3,3,4,5,4,3,4,5,5,5,4,1,2,1,3,5,1,1,1,2,2,3,1,1,1,3,3,4,3,1,1,28,28,26,32,29,35,8,13,19,38,33,30
5,5,5,4,5,5,5,5,5,5,4,5,5,5,5,5,5,5,5,5,5,4,5,5,5,5,4,4,4,3,4,4,4,4,4,4,5,5,5,5,5,5,5,5,4,5,5,5,3,1,3,1,5,2,2,2,2,1,2,2,2,2,4,2,2,2,1,2,29,32,35,33,36,39,16,8,19,39,39,39
4,4,4,4,4,4,4,3,4,5,3,5,5,4,5,4,4,3,5,5,5,3,4,5,4,4,3,4,5,4,4,4,3,4,3,4,4,5,4,4,3,4,4,4,4,4,5,4,3,4,3,1,4,4,4,3,4,2,2,1,3,4,3,3,2,2,2,3,23,30,31,32,31,32,25,10,22,31,35,34
5,5,5,5,5,5,4,3,5,5,4,5,5,5,5,5,3,5,5,5,5,5,5,5,5,5,5,5,4,5,5,5,1,2,1,2,5,3,4,3,3,1,1,1,4,4,5,2,5,5,2,5,5,5,2,1,5,1,4,3,5,5,3,2,1,3,1,1,27,32,33,39,21,21,29,18,17,37,39,38
5,5,5,5,5,5,5,5,5,5,5,5,5,3,5,5,5,5,5,5,5,3,5,5,4,4,5,5,4,3,4,4,3,3,3,3,4,3,4,4,3,2,2,2,4,2,4,1,1,2,2,4,4,3,3,1,2,2,2,2,2,4,1,1,3,3,2,2,30,29,35,33,27,20,17,13,16,40,38,38
5,5,5,5,5,5,4,3,5,5,5,5,5,3,5,5,5,5,5,5,5,3,5,5,4,4,3,5,4,3,3,3,4,4,4,4,4,4,4,4,4,4,3,4,4,4,4,4,3,3,3,3,4,3,3,3,3,1,3,5,3,2,3,3,4,3,2,3,27,29,35,29,32,31,20,18,22,37,38,38
5,5,5,5,5,5,5,5,5,5,4,5,4,5,5,5,5,5,5,5,5,3,4,5,4,3,4,4,3,4,4,4,4,4,4,4,4,4,4,4,5,5,2,4,4,4,4,4,2,2,2,2,4,2,2,3,2,1,2,3,2,2,2,2,3,2,2,2,30,32,34,30,32,32,14,12,18,40,38,37
5,5,5,5,5,5,5,4,4,5,5,5,5,5,4,5,5,5,5,5,5,3,5,5,3,3,4,5,5,5,5,4,2,5,4,4,4,3,5,5,4,4,3,3,5,4,5,4,3,4,5,1,5,3,3,4,3,1,5,1,3,2,3,2,5,1,2,4,29,29,35,34,32,32,22,16,22,39,38,38
5,5,5,5,5,5,5,5,5,5,5,5,5,5,4,5,5,5,5,4,4,3,3,4,4,4,4,4,4,3,3,3,3,3,3,4,4,2,2,3,5,5,4,5,4,5,5,4,3,3,5,4,3,5,5,3,4,3,3,3,3,2,2,1,4,2,3,3,30,30,30,29,24,37,27,17,20,40,39,33
5,5,5,5,5,5,5,5,5,5,5,5,5,5,5,5,5,5,5,5,5,5,5,5,5,5,5,5,5,1,5,5,5,4,5,4,4,1,5,5,1,1,1,1,1,3,5,3,1,1,5,5,5,1,5,1,1,1,5,5,1,1,2,1,5,3,1,3,30,31,35,36,33,16,15,21,17,40,40,40
5,5,5,5,5,5,5,4,5,5,1,5,5,5,5,5,5,5,5,5,5,3,3,5,5,5,5,5,3,5,5,5,3,4,4,4,4,4,4,4,5,5,3,5,5,5,5,5,2,2,5,1,5,2,2,5,4,1,2,3,2,1,1,5,2,1,1,3,29,35,33,38,31,38,18,10,22,39,36,36
5,5,5,5,5,5,5,4,5,5,2,5,5,4,5,5,5,5,5,5,5,3,5,5,4,4,3,4,3,3,3,3,3,3,3,3,4,4,4,4,4,4,3,4,3,4,4,4,2,3,3,2,3,2,2,2,2,2,3,2,2,2,3,3,3,3,3,3,29,33,35,27,28,30,15,13,22,39,36,38
4,4,4,4,4,2,4,2,4,4,4,4,4,4,2,4,2,4,2,4,4,4,4,4,3,4,4,3,4,4,4,4,3,4,3,3,3,3,3,4,4,4,3,3,4,4,4,3,3,2,2,3,4,3,2,3,3,2,3,4,3,2,3,1,2,2,2,1,20,24,24,30,26,29,18,14,18,28,30,28
5,5,4,4,5,5,5,3,4,5,5,5,5,4,4,5,4,4,4,4,4,3,4,4,4,4,4,4,2,4,4,4,4,4,3,4,4,3,4,4,4,4,4,4,4,4,4,4,2,2,2,2,4,3,3,1,3,2,2,3,3,3,2,1,2,2,4,4,27,28,28,30,30,32,19,11,20,36,37,31
4,4,4,4,4,3,3,3,4,4,2,4,3,2,3,5,4,4,4,4,4,2,4,3,3,3,4,4,4,4,4,4,1,1,2,3,3,2,2,3,3,3,3,4,4,3,4,4,4,4,2,4,3,4,2,4,3,2,4,5,5,5,5,5,3,2,3,3,21,26,27,30,17,28,25,20,27,29,27,29
5,5,5,5,5,4,4,3,4,5,3,5,5,3,3,3,4,5,5,4,5,4,4,4,4,3,3,4,3,3,3,3,4,4,2,3,4,2,3,3,4,3,2,3,4,4,4,2,2,4,2,4,3,3,2,3,2,2,2,3,2,2,2,1,4,2,2,2,26,26,31,26,25,26,15,17,17,36,31,35
5,5,5,5,5,5,5,4,5,5,5,5,5,5,4,5,5,5,5,5,5,4,5,5,5,4,4,5,4,3,4,4,2,3,3,3,3,3,3,3,3,3,3,3,4,4,3,4,3,4,2,3,3,4,3,2,2,1,3,3,3,4,2,2,3,2,1,1,29,30,35,33,23,27,21,16,14,39,39,39
5,4,3,4,5,4,5,2,5,5,4,5,5,5,3,5,4,5,5,5,4,1,5,5,3,4,5,3,2,4,3,3,5,2,3,3,5,2,4,5,4,3,2,2,5,5,2,4,2,5,3,5,5,2,1,2,2,3,2,4,2,1,3,3,4,3,1,1,24,30,33,27,29,27,13,20,21,32,37,34
5,5,5,5,5,5,5,5,5,5,4,5,5,5,5,5,5,5,5,5,5,3,5,5,3,5,5,5,4,3,3,4,3,3,3,3,3,4,5,4,5,5,5,5,5,5,5,5,3,4,2,3,4,1,2,2,2,2,4,1,1,2,3,1,3,1,1,5,30,32,35,32,28,40,13,15,19,40,39,38
4,4,5,4,4,4,5,4,5,5,4,4,4,4,4,4,3,4,4,5,5,4,4,5,5,5,4,5,4,4,4,5,4,3,4,4,4,2,3,3,4,4,3,4,4,5,5,4,2,2,2,3,4,2,2,2,2,2,2,4,3,2,3,2,2,2,2,2,25,28,30,36,27,33,15,13,19,34,34,34
2,5,5,5,5,5,5,5,5,4,5,5,5,4,5,5,5,5,5,5,5,5,5,5,5,4,4,4,1,2,3,3,4,5,5,4,4,5,5,4,4,4,4,4,4,5,5,5,2,2,1,1,4,1,1,1,1,2,1,1,1,1,1,1,1,1,2,3,27,29,35,26,36,35,8,6,15,37,38,40
5,4,5,5,5,5,5,4,5,5,5,5,5,4,3,4,5,4,4,5,5,3,4,4,5,4,5,5,3,4,4,4,4,4,4,5,5,4,4,4,5,4,3,4,5,5,5,4,3,4,3,1,3,2,3,3,2,1,2,2,3,4,2,2,2,2,2,1,28,27,31,34,34,35,20,11,16,38,36,34
4,4,4,4,5,4,4,4,5,4,3,4,5,4,3,4,4,5,5,5,5,3,4,4,4,4,4,4,4,4,4,3,3,3,4,4,3,2,4,4,4,3,3,3,4,3,5,3,3,4,1,3,4,3,3,4,2,3,4,2,2,4,3,3,4,2,2,3,24,27,32,31,27,28,18,17,24,33,32,35
5,5,5,5,5,5,5,4,5,5,3,3,5,4,4,5,5,5,5,5,5,4,5,4,4,5,5,5,4,4,4,5,3,3,4,4,5,4,4,3,3,3,3,3,4,4,5,3,3,3,3,2,4,4,4,2,3,1,2,4,3,4,2,2,5,2,1,3,29,29,34,36,30,28,24,16,17,39,34,38
5,5,5,5,5,5,5,4,5,5,3,5,5,5,5,5,5,5,5,5,5,5,5,5,2,2,2,2,3,4,4,2,2,2,2,2,2,3,4,4,4,4,1,2,2,4,4,4,4,4,2,3,4,4,4,4,3,1,2,1,1,1,3,1,2,3,2,1,29,33,35,21,21,25,19,12,19,39,38,40
5,5,5,5,5,5,5,4,5,5,5,4,5,5,5,5,5,5,5,5,5,5,5,5,5,4,5,5,5,3,4,5,5,3,5,5,4,3,4,5,5,5,4,5,5,5,5,5,2,3,5,3,3,3,1,1,2,1,2,5,1,1,1,1,4,1,1,3,29,30,35,36,34,39,15,17,12,39,39,40
5,5,5,4,5,5,5,3,4,5,4,5,5,5,4,5,5,5,5,5,5,3,5,5,4,4,3,5,3,4,4,4,2,3,2,3,3,3,4,4,3,2,1,2,3,4,5,3,1,5,3,3,3,1,4,2,2,1,2,4,4,4,3,1,5,1,1,1,27,30,35,31,24,23,19,19,13,37,37,38
5,5,5,5,5,5,5,5,5,5,5,5,5,5,4,5,5,5,5,5,5,4,5,5,5,5,4,5,2,4,4,4,4,4,4,4,4,3,4,4,4,4,3,4,4,4,5,4,1,2,2,2,4,2,2,3,2,2,4,2,2,2,3,3,3,2,2,3,30,30,35,33,31,32,13,13,22,40,39,39
4,4,5,4,5,3,4,3,4,3,4,5,5,3,3,5,4,4,4,4,4,3,4,5,3,3,4,4,3,2,2,3,4,4,4,4,3,4,4,4,3,4,1,4,3,3,5,4,3,2,1,2,4,1,3,3,2,2,1,1,1,1,3,2,3,3,3,3,22,25,29,24,31,27,12,9,23,32,32,32
5,5,5,5,5,5,4,3,3,4,1,4,2,4,4,4,4,4,4,4,4,2,4,5,5,5,5,4,4,4,4,4,5,4,4,4,4,5,4,4,4,5,5,5,3,5,5,4,4,4,3,2,5,3,4,4,4,2,4,4,4,4,4,4,4,3,2,4,27,28,29,35,34,36,26,18,28,37,26,31
5,5,5,5,5,3,5,4,3,5,3,5,5,3,4,5,4,5,5,5,5,5,5,4,4,4,4,4,4,4,4,4,3,3,3,3,3,3,3,3,4,4,1,3,4,4,5,4,2,3,2,3,4,2,3,3,2,2,2,2,3,2,2,2,2,2,2,2,27,28,33,32,24,29,16,12,19,37,33,38
5,5,5,4,5,4,4,3,3,5,5,5,5,5,5,5,5,4,5,5,5,3,3,3,5,5,5,5,5,3,3,4,3,4,5,3,4,2,2,3,5,3,3,4,4,4,4,1,3,2,1,5,3,3,3,4,2,1,3,4,4,1,3,2,1,2,3,1,25,29,30,35,26,28,17,15,19,35,38,33
5,5,5,5,5,5,4,3,5,5,2,5,5,5,5,5,5,5,5,5,5,4,5,5,5,5,4,5,4,3,5,5,3,3,3,5,4,4,4,3,3,2,2,3,3,4,5,3,3,3,1,4,4,2,3,2,3,2,2,5,3,4,3,4,4,2,2,2,27,34,35,36,29,25,19,18,21,37,37,39
5,5,5,5,5,5,5,5,5,5,1,5,5,5,3,5,5,5,5,5,5,4,5,5,4,5,3,5,4,4,5,5,5,4,4,4,4,3,3,4,3,3,3,2,3,4,5,3,3,4,4,2,3,3,3,2,2,1,2,1,1,1,1,1,1,1,1,1,30,33,35,35,31,26,17,10,11,40,34,39
5,5,5,5,5,5,5,4,4,5,4,5,5,4,4,5,4,5,5,5,5,4,4,5,3,4,3,4,4,4,4,3,3,3,3,4,4,2,4,4,4,4,4,4,4,4,4,4,3,3,1,3,4,2,2,2,2,2,3,4,2,2,2,2,4,2,1,2,29,29,33,29,27,32,14,17,17,39,36,37
5,5,5,5,5,5,5,5,5,5,5,5,5,5,5,5,5,5,5,5,5,3,5,5,5,5,5,5,4,3,3,4,3,2,3,3,3,3,3,3,5,5,5,5,5,5,5,5,3,3,1,3,5,2,1,3,1,1,3,1,1,1,1,1,4,1,1,1,30,31,35,34,23,40,10,14,14,40,40,38
5,5,5,5,5,5,5,3,5,5,4,5,5,4,5,5,4,5,5,5,5,3,5,5,4,4,4,5,2,4,3,3,4,4,5,5,5,4,5,5,4,4,4,4,3,4,5,5,2,2,1,4,4,1,1,1,1,1,2,5,1,1,1,2,4,3,4,2,28,31,34,29,37,33,8,17,18,38,38,37
5,5,5,5,5,4,5,3,4,5,3,5,5,4,4,4,4,5,5,5,5,4,4,5,4,4,3,4,4,3,3,3,4,4,3,4,4,3,3,4,5,4,3,4,4,5,5,3,3,5,4,2,4,3,3,4,4,2,3,2,3,2,3,2,4,2,2,3,27,29,33,28,29,33,22,16,22,37,34,37
5,5,5,5,5,5,4,3,5,5,1,5,5,4,3,4,4,5,5,4,4,3,,4,5,4,4,5,4,4,4,4,4,5,4,5,4,4,4,5,4,4,4,5,5,5,5,5,1,2,1,3,5,2,1,5,1,2,2,2,1,1,3,3,5,1,2,2,27,31,26,34,35,37,8,14,23,37,32,29
4,4,4,4,2,4,2,1,3,4,4,4,2,2,4,2,3,4,4,4,4,4,4,3,3,4,2,4,1,4,4,3,2,4,2,2,4,2,4,2,4,2,4,2,4,2,4,2,3,4,4,3,2,4,3,3,3,4,4,3,4,4,2,4,2,2,3,2,19,21,26,25,22,24,25,16,22,25,25,30
4,4,5,4,5,5,4,4,4,4,5,4,2,4,5,5,5,5,5,5,5,4,5,5,4,4,4,4,3,4,4,4,3,3,3,4,3,3,4,3,2,2,2,2,3,3,3,4,4,4,4,3,4,4,4,4,4,2,4,4,4,4,4,4,4,2,2,4,25,27,35,31,26,21,28,19,26,35,33,39
5,5,5,5,1,5,5,4,5,5,5,5,5,4,4,5,4,5,5,5,5,3,5,5,5,5,5,5,4,5,5,5,4,5,5,5,5,4,5,5,3,2,1,2,3,3,4,3,3,3,4,3,5,2,2,1,2,1,2,3,1,2,2,1,4,5,1,1,29,29,34,39,38,21,16,15,17,35,38,37
5,5,5,5,5,5,4,3,5,5,4,4,5,4,5,5,5,5,5,5,5,4,5,5,5,5,4,5,3,5,5,5,2,3,3,4,4,3,4,4,4,4,4,3,4,4,5,4,4,3,2,3,2,4,3,4,4,2,3,4,3,2,3,3,4,4,2,2,27,30,35,37,27,32,22,17,22,37,37,39
5,5,5,5,5,5,5,4,5,5,3,5,5,5,5,5,2,5,5,5,5,4,5,5,5,5,5,5,4,4,4,5,5,5,5,5,5,5,5,5,5,4,4,5,5,5,5,4,2,2,2,2,3,2,2,4,2,1,2,2,1,1,4,3,1,2,1,1,29,33,32,37,40,37,12,9,19,39,38,36
4,5,4,5,2,5,4,3,4,4,4,4,2,4,4,5,4,5,5,4,4,1,4,4,4,4,4,4,4,4,4,3,4,4,4,4,5,4,5,4,4,4,5,4,3,4,4,4,4,2,1,2,3,3,2,5,2,2,2,2,1,1,3,2,4,2,1,4,26,27,30,31,34,32,14,12,22,32,31,31
4,3,4,5,4,5,3,4,2,5,2,4,2,3,5,5,4,5,5,3,5,3,2,4,3,4,2,5,1,5,4,5,2,5,4,4,4,3,4,4,3,4,4,3,3,4,4,4,3,4,3,4,4,5,4,3,3,3,4,5,4,5,3,4,4,3,2,4,24,28,28,29,30,29,27,21,26,32,28,31
5,5,5,5,5,4,4,3,4,5,4,4,5,4,4,4,5,4,5,5,5,4,5,5,4,4,4,5,3,3,4,4,3,3,4,4,4,2,4,4,4,4,3,3,4,3,5,3,4,3,1,2,4,2,3,2,2,1,2,2,1,3,2,3,2,1,1,2,26,27,34,31,28,29,16,11,16,36,34,38
5,5,5,5,5,4,5,3,4,5,5,5,5,5,4,5,4,5,5,5,5,4,5,5,4,4,4,4,5,4,4,4,4,4,3,4,3,4,5,4,3,3,1,4,5,5,2,4,5,4,4,3,5,3,4,4,4,1,4,5,4,2,2,2,5,1,2,2,27,29,34,33,31,27,26,21,19,37,38,38
5,5,5,5,5,5,5,3,5,5,5,5,5,5,5,5,5,5,5,5,5,3,5,5,5,5,5,5,5,5,5,5,3,3,3,5,5,3,5,5,3,3,3,3,3,5,5,5,3,3,5,3,5,5,5,3,3,1,3,3,5,3,1,1,3,3,1,1,28,31,35,40,32,30,29,15,16,38,40,38
5,5,5,5,5,5,5,4,4,5,5,5,5,5,5,5,5,5,5,5,5,5,5,5,3,3,3,4,4,4,4,4,3,3,2,4,4,3,3,3,2,2,3,3,4,3,4,3,3,4,3,4,4,3,4,4,3,2,4,3,4,4,5,5,5,1,2,2,29,30,35,29,25,24,24,20,25,39,39,40
5,5,5,5,5,5,5,3,4,4,3,4,5,3,4,3,4,4,4,4,4,2,4,4,3,3,3,4,3,3,3,3,3,4,4,4,4,3,3,3,3,3,3,4,4,4,4,5,3,2,2,3,3,1,3,5,2,1,3,2,3,2,1,3,1,1,2,3,28,25,28,25,28,30,16,11,19,38,30,30
4,5,5,5,5,5,3,3,1,5,5,5,3,5,2,5,5,5,5,4,4,4,4,5,3,2,4,3,4,2,4,3,2,2,1,4,4,3,3,2,3,1,3,3,4,4,5,5,5,5,2,4,3,2,3,2,5,2,2,3,5,3,4,1,5,1,1,1,25,24,32,25,21,28,25,19,15,35,31,36
4,4,5,5,4,4,4,3,4,5,5,5,4,5,4,5,5,5,5,4,5,4,5,4,4,3,4,5,3,3,4,3,4,4,4,4,4,5,4,4,4,4,2,3,4,4,4,3,2,3,3,3,4,2,2,3,3,3,4,4,3,4,4,3,5,1,2,3,24,29,33,29,33,28,19,19,23,33,37,37
5,5,5,5,5,5,5,5,5,5,5,5,5,5,5,5,5,5,5,5,5,5,5,5,5,5,5,5,4,5,5,4,4,1,2,5,2,1,2,5,5,5,5,5,5,5,5,5,4,5,1,5,5,4,4,5,4,1,1,1,1,1,1,1,4,1,1,1,30,31,35,38,22,40,19,16,16,40,40,40
5,5,5,5,5,5,5,3,4,5,3,5,5,3,4,5,4,5,5,5,5,4,5,5,3,2,4,4,2,2,2,2,1,2,2,2,3,2,4,4,2,3,2,3,3,4,4,4,5,4,3,5,5,5,3,1,3,3,4,3,4,3,3,3,4,4,2,2,28,29,34,21,20,25,26,20,23,38,34,38
5,5,5,5,5,5,5,4,5,5,5,5,5,3,5,5,4,4,4,5,3,4,4,4,5,4,4,5,4,4,4,4,2,2,4,4,4,2,4,4,4,4,2,4,3,4,5,3,4,5,2,5,3,4,4,2,3,1,2,4,4,4,2,2,4,1,1,1,29,29,28,34,26,29,25,20,13,39,38,32
5,5,5,5,5,5,5,4,5,5,5,5,5,5,5,5,5,5,5,5,5,2,5,5,5,5,5,5,3,4,5,5,5,5,5,5,5,5,5,5,2,2,2,4,5,5,5,4,4,1,3,1,5,2,4,2,1,1,2,1,4,4,2,4,2,2,1,3,29,31,35,37,40,29,22,7,20,39,40,37
5,5,5,5,5,5,5,2,4,5,5,5,5,5,2,5,3,5,5,5,5,5,4,4,5,5,5,5,5,5,5,5,2,2,2,2,2,3,5,3,4,2,1,2,4,3,5,3,5,5,4,4,4,2,4,2,4,1,4,1,5,2,2,1,4,5,1,1,27,27,31,40,21,24,26,18,17,37,36,36
4,5,4,5,4,4,4,4,3,4,3,4,4,5,5,4,4,4,4,5,5,4,5,4,4,4,4,4,2,4,4,4,2,3,3,4,4,4,4,4,4,3,2,4,4,4,5,2,4,4,2,3,4,4,3,2,4,1,4,3,4,5,2,1,3,3,2,1,26,28,31,30,28,28,26,17,16,34,32,35
3,4,3,3,5,5,3,1,5,,4,5,5,4,3,5,4,4,5,4,5,4,5,5,5,5,4,5,5,5,5,5,3,3,3,4,5,3,4,4,2,2,1,2,3,4,5,4,3,3,3,3,3,3,3,3,3,1,4,3,4,2,3,3,3,2,3,3,19,24,32,39,29,23,21,16,21,27,31,36
5,5,3,4,4,4,3,1,4,5,4,4,5,4,5,5,4,4,4,4,4,2,4,4,5,5,5,5,5,5,5,5,3,3,4,4,4,4,4,4,4,4,4,4,4,4,4,4,4,4,2,3,3,4,3,3,3,2,4,4,4,4,2,2,3,3,2,4,22,29,28,40,30,32,24,18,21,29,36,30
5,5,5,5,5,5,5,5,5,5,5,5,5,4,5,5,5,5,5,5,5,4,5,5,5,5,3,5,5,5,5,3,3,3,2,2,3,3,3,2,2,4,3,3,3,3,5,3,3,3,2,3,3,3,3,3,3,1,3,4,5,5,3,3,5,1,1,1,30,30,35,36,21,26,24,18,16,40,39,39
4,4,5,5,4,4,3,1,4,5,5,5,5,5,5,5,5,4,5,4,5,2,5,5,4,5,4,5,5,4,5,5,4,5,5,5,4,5,5,5,2,2,2,2,4,4,4,2,2,2,2,1,4,1,1,3,1,2,1,1,1,1,2,1,1,2,2,2,21,30,33,37,38,22,9,6,18,30,39,35
4,4,4,5,4,4,3,2,3,4,4,4,3,4,4,4,4,3,3,4,4,3,4,4,5,3,2,2,4,5,3,3,3,3,3,4,3,3,3,2,2,2,2,2,2,2,3,3,3,3,3,3,5,3,2,5,2,3,1,3,3,4,3,3,5,2,3,2,22,25,26,27,24,18,20,15,26,30,30,29
4,4,4,3,4,4,4,2,3,5,3,4,5,4,3,4,4,4,5,5,4,4,5,4,3,2,2,3,1,1,3,3,3,2,2,3,3,1,1,3,5,5,5,5,5,5,5,5,5,5,5,5,5,3,3,3,3,2,5,5,5,3,3,1,5,1,1,1,21,26,31,18,18,40,27,25,17,29,31,35
5,5,5,5,5,5,5,5,5,5,5,5,1,5,5,5,5,5,5,5,5,1,5,5,5,4,4,5,5,5,5,4,5,5,4,5,5,4,4,4,4,3,3,3,5,4,5,3,4,4,4,1,5,5,5,1,4,1,1,1,1,1,1,1,1,1,1,5,30,31,35,37,36,30,24,8,16,40,36,36
4,3,3,3,5,3,3,2,4,4,3,3,4,4,4,4,5,5,5,5,5,4,5,5,5,5,4,2,5,5,3,1,5,3,1,5,5,1,1,1,3,5,3,5,1,5,5,2,3,5,5,5,1,5,5,5,5,2,5,5,3,5,1,2,5,1,4,1,18,26,35,30,22,29,31,25,17,26,30,39
3,1,1,1,5,1,1,1,1,3,5,1,4,1,1,2,5,1,1,4,3,1,2,1,1,2,1,1,1,2,1,2,2,5,5,1,1,4,5,4,1,4,1,3,5,5,5,1,1,2,1,1,2,1,1,2,1,4,3,5,1,5,1,5,5,3,5,2,8,10,17,11,27,25,11,16,24,14,18,18
4,4,4,4,5,5,4,1,5,5,1,5,5,3,5,5,3,3,5,3,3,5,4,4,3,4,3,5,3,1,3,5,2,1,1,1,4,3,3,5,1,2,1,3,2,5,5,3,3,5,3,5,1,5,5,3,5,3,4,5,3,4,4,5,4,3,4,1,22,33,25,27,20,22,28,23,24,31,34,30
4,4,3,5,4,4,3,3,3,4,3,5,4,3,4,5,4,5,5,5,5,4,4,4,5,3,4,3,5,3,3,3,3,3,3,3,3,1,1,1,1,2,2,1,1,3,3,5,5,5,3,5,1,3,4,1,4,2,5,5,5,5,3,3,5,1,2,1,23,27,32,29,18,18,29,25,14,30,31,36
5,5,4,5,5,5,5,4,5,5,3,5,5,5,4,5,5,4,4,5,5,2,5,4,5,5,5,5,3,4,4,4,5,5,5,4,5,5,5,5,5,5,5,5,5,5,5,5,2,2,1,2,4,1,2,1,1,1,4,4,1,1,5,1,4,3,2,3,29,32,32,35,39,40,9,16,20,38,37,34
4,4,4,4,5,5,4,1,5,5,1,5,5,3,5,5,3,3,5,3,3,5,4,4,3,4,3,5,3,1,3,5,2,1,1,1,4,3,3,5,1,2,1,3,2,5,5,3,3,5,3,5,1,5,5,3,5,3,4,5,3,4,4,5,4,3,4,1,22,33,25,27,20,22,28,23,24,31,34,30
5,5,4,5,4,5,4,3,4,5,4,5,5,5,5,5,5,5,5,5,5,3,5,5,4,4,4,5,3,4,4,4,4,4,4,4,4,3,3,3,3,3,3,4,4,4,4,4,4,3,2,3,3,3,3,2,3,1,4,4,2,3,2,3,3,2,2,2,27,31,35,32,29,29,20,17,17,35,38,38
4,4,4,4,5,5,4,1,5,5,1,5,5,3,5,5,3,3,5,3,3,5,4,4,3,4,3,5,3,1,3,5,2,1,1,1,4,3,3,5,1,2,1,3,2,5,5,3,3,5,3,5,1,5,5,3,5,3,4,5,3,4,4,5,4,3,4,1,22,33,25,27,20,22,28,23,24,31,34,30
5,5,4,5,4,5,5,3,4,5,3,5,5,4,5,5,5,4,5,5,5,3,3,5,4,3,4,4,5,5,4,3,3,2,2,3,3,2,2,2,2,3,3,2,2,3,5,4,5,5,5,2,4,5,5,3,5,1,5,2,5,5,3,2,5,2,1,5,28,31,32,32,19,24,35,19,21,36,36,35
4,4,3,4,4,4,4,4,4,5,3,4,3,4,3,4,4,4,4,5,5,4,4,4,4,3,4,3,4,3,4,3,3,2,2,4,4,2,3,3,1,2,2,2,3,4,5,4,3,4,4,4,3,4,3,3,2,3,4,3,4,3,3,2,5,3,3,1,24,27,30,28,23,23,23,20,21,31,30,34
4,4,4,3,1,5,3,1,4,5,1,3,5,4,3,5,4,2,5,5,5,2,4,4,3,5,4,5,5,5,4,4,5,4,2,3,3,4,4,5,2,2,5,1,5,4,5,3,5,5,5,3,5,5,4,3,5,1,1,3,5,5,4,5,5,5,1,5,20,29,29,35,30,27,34,17,29,25,30,31
4,4,4,3,1,5,3,1,4,5,1,3,5,4,3,5,4,2,5,5,5,2,4,4,3,5,4,5,5,5,4,4,5,4,2,3,3,4,4,5,2,2,5,1,5,4,5,3,5,5,5,3,5,5,4,3,5,1,1,3,5,5,4,5,5,5,1,5,20,29,29,35,30,27,34,17,29,25,30,31
4,4,4,3,1,4,4,3,5,5,1,5,5,3,5,5,5,5,4,5,5,5,5,4,5,5,4,5,3,5,5,5,5,3,3,4,5,4,5,5,3,3,3,3,5,5,5,4,3,3,3,1,5,5,4,3,3,1,5,4,3,5,5,5,5,1,1,1,22,33,33,37,34,31,26,18,22,27,34,38
4,4,4,4,5,5,4,1,5,5,1,5,5,3,5,5,3,3,5,3,3,5,4,4,3,4,3,5,3,1,3,5,2,1,1,1,4,3,3,5,1,2,1,3,2,5,5,3,3,5,3,5,1,5,5,3,5,3,4,5,3,4,4,5,4,3,4,1,22,33,25,27,20,22,28,23,24,31,34,30
4,4,4,4,5,5,4,1,5,5,1,5,5,3,5,5,3,3,5,3,3,5,4,4,3,4,3,5,3,1,3,5,2,1,1,1,4,3,3,5,1,2,1,3,2,5,5,3,3,5,3,5,1,5,5,3,5,3,4,5,3,4,4,5,4,3,4,1,22,33,25,27,20,22,28,23,24,31,34,30
4,4,3,4,4,3,4,3,5,5,3,4,4,2,4,4,4,5,4,3,3,2,4,4,4,3,2,4,4,3,3,3,4,4,4,3,4,1,2,4,2,2,2,3,3,2,5,3,2,2,2,4,4,2,2,4,2,2,4,4,2,2,3,2,4,3,2,3,22,27,27,26,26,22,14,18,23,29,31,29
4,5,4,4,4,4,4,2,4,5,4,5,4,3,3,4,4,4,5,4,4,3,4,5,4,4,4,4,3,3,4,5,2,3,3,3,4,2,3,3,4,4,4,4,4,3,5,3,3,5,3,4,4,3,4,3,3,2,5,3,3,2,2,2,4,1,2,3,23,26,30,31,23,31,21,21,19,31,32,33
5,5,5,5,5,5,5,4,4,5,5,5,5,5,5,5,5,5,5,5,5,4,5,5,4,3,3,5,2,4,3,3,3,1,2,3,4,2,2,2,4,4,3,3,3,5,5,5,5,4,5,5,4,5,5,2,3,1,3,5,4,1,2,1,5,3,1,1,29,30,35,27,19,32,28,22,15,39,39,39
3,4,3,3,3,4,4,3,3,4,4,4,4,3,4,4,4,4,4,4,4,3,3,3,4,2,2,2,4,3,3,2,2,3,3,2,3,3,3,3,4,4,4,4,3,4,3,2,3,2,2,3,4,4,3,4,3,3,4,4,4,4,2,2,5,1,3,2,21,24,26,22,22,28,23,18,21,27,30,29
5,5,3,4,5,3,4,1,5,5,3,3,5,1,5,3,3,4,5,5,5,4,3,5,3,3,3,4,3,3,3,3,3,3,1,3,3,3,3,3,3,3,3,3,3,3,3,3,4,4,3,2,3,4,3,4,4,3,3,3,4,4,4,3,4,3,2,4,22,25,30,25,22,24,26,16,26,30,30,34
5,5,5,5,5,4,5,3,5,5,5,5,5,5,5,5,4,3,4,5,5,2,5,4,5,5,5,5,1,3,3,4,5,5,5,5,5,1,4,5,3,5,5,5,3,5,5,3,3,5,5,1,4,3,3,3,5,1,5,5,5,4,3,4,5,5,4,3,27,31,30,31,35,34,28,21,27,37,40,32
5,5,4,5,4,5,4,3,4,5,4,5,5,5,5,5,5,5,5,5,5,3,5,5,4,4,4,5,3,4,4,4,4,4,4,4,4,3,3,3,3,3,3,4,4,4,4,4,4,3,2,3,3,3,3,2,3,1,4,4,2,3,2,3,3,2,2,2,27,31,35,32,29,29,20,17,17,35,38,38
5,5,5,5,5,5,5,3,5,5,4,5,5,5,5,5,5,5,5,5,5,3,5,5,4,5,5,5,2,4,5,5,4,5,5,4,5,2,5,5,5,5,3,5,4,5,5,2,1,1,5,2,5,1,4,5,1,1,2,5,1,4,3,4,4,1,1,5,28,32,35,35,35,34,17,14,25,38,39,38
5,5,4,5,5,5,4,2,3,4,4,5,5,4,3,4,4,5,5,4,4,3,4,4,4,2,2,3,1,1,2,2,4,3,4,4,3,3,4,4,5,5,5,5,4,4,5,4,2,3,2,3,4,2,1,1,3,2,2,3,2,2,3,4,3,2,2,2,26,25,30,17,29,37,14,14,20,35,32,33
5,5,5,5,5,5,5,4,5,5,5,5,1,5,4,5,5,5,5,5,5,3,5,5,4,4,4,4,3,4,4,4,4,5,5,5,5,3,4,5,5,5,3,4,5,4,5,3,2,4,1,1,4,1,1,1,1,1,1,1,1,1,1,3,3,2,2,1,29,30,35,31,36,34,8,10,15,39,35,38
5,5,5,5,5,5,4,4,5,5,2,5,5,4,4,5,5,5,5,5,5,5,5,5,4,4,4,5,4,3,4,4,4,4,4,4,4,2,4,4,4,4,4,4,4,5,4,5,2,3,1,2,4,2,2,2,2,2,2,3,2,2,2,2,3,3,2,2,28,32,35,32,30,34,13,13,19,38,35,40
5,5,5,5,5,5,5,3,5,5,1,5,5,5,5,5,5,5,5,5,5,3,5,5,5,5,4,5,3,3,3,3,5,4,4,4,5,3,5,4,5,5,5,5,5,5,4,3,4,3,3,3,4,3,3,2,2,1,4,4,2,2,1,1,3,1,1,3,28,35,35,31,34,37,19,17,14,38,36,38
5,5,5,5,5,5,5,3,5,5,3,5,4,5,3,5,5,5,5,5,5,3,5,5,5,4,4,5,2,3,3,4,4,4,4,4,4,4,4,4,3,4,3,3,4,4,4,4,3,3,2,2,4,2,2,3,3,2,2,3,2,2,3,4,3,3,2,3,28,31,35,30,32,29,16,13,24,38,35,38
5,5,5,5,5,5,5,4,5,5,5,5,5,3,5,5,5,5,5,5,5,5,5,5,5,5,5,5,5,4,4,5,4,4,4,5,4,3,3,4,5,5,4,5,5,5,5,4,1,1,1,1,5,1,1,1,1,1,1,1,1,1,1,3,1,2,1,1,29,29,35,38,31,38,7,5,15,39,38,40
5,5,5,5,5,5,5,5,5,5,5,5,5,5,5,5,5,5,5,5,5,4,5,1,5,5,5,5,5,5,5,5,5,5,5,5,5,5,5,5,5,5,5,5,5,5,5,5,1,1,1,1,5,1,1,1,5,5,1,5,1,1,1,1,1,5,1,2,30,31,31,40,40,40,11,9,21,40,40,35
5,5,5,3,4,5,5,1,5,5,4,5,5,2,5,5,5,5,5,5,5,3,5,5,3,5,1,5,1,1,1,1,5,3,5,3,3,5,5,3,5,5,5,5,5,5,5,5,1,1,1,1,1,1,1,5,1,1,3,1,1,1,1,1,1,1,1,5,24,29,35,18,32,40,7,7,16,33,36,38
5,5,5,5,5,5,5,5,5,5,4,5,5,5,4,5,5,5,5,5,5,2,5,5,4,4,5,5,4,3,4,3,4,4,4,4,4,3,4,5,5,4,3,5,4,4,4,4,2,2,2,2,5,2,2,2,2,1,4,4,2,2,2,2,2,2,2,2,30,31,35,32,32,33,14,14,18,40,38,37
5,5,5,4,5,5,4,3,4,4,5,5,5,3,3,4,4,4,5,4,4,3,4,4,4,5,5,5,3,5,5,5,4,4,5,5,5,5,5,5,3,3,3,3,4,4,3,4,2,2,4,2,4,2,2,2,2,1,4,2,1,1,1,1,4,3,2,2,26,24,29,37,38,27,14,14,16,36,33,32
5,5,5,5,1,5,5,3,5,4,4,5,5,4,4,5,4,4,4,5,5,3,5,5,5,5,4,5,2,2,5,5,5,5,5,4,5,5,5,5,5,5,4,5,3,5,5,3,1,1,1,1,3,1,1,1,1,1,1,1,1,1,1,1,1,1,3,1,28,29,32,33,39,35,7,5,12,34,36,35
5,5,5,5,5,5,5,5,5,5,5,5,5,5,5,5,5,5,5,5,5,3,5,5,5,4,3,5,3,3,4,5,5,5,5,5,5,5,5,5,5,5,5,4,3,5,5,5,3,1,5,5,5,1,1,3,1,5,5,5,1,1,3,3,5,1,1,1,30,31,35,32,40,37,13,21,22,40,40,38
5,5,5,5,5,5,5,4,5,5,5,5,5,5,5,5,5,5,5,5,5,2,5,5,5,5,5,5,4,3,4,4,4,4,4,4,4,4,4,4,4,4,3,4,4,4,5,4,2,2,3,2,4,2,2,2,2,1,2,1,1,1,1,1,1,2,1,2,29,31,35,35,32,32,13,8,14,39,40,37
4,5,5,5,5,5,5,3,5,5,5,5,5,4,4,5,5,5,5,5,5,4,5,5,4,4,4,5,2,2,3,3,4,3,4,3,4,3,4,4,5,5,5,5,5,5,5,5,4,5,3,2,4,4,3,4,3,2,4,3,2,4,3,3,3,2,2,3,27,29,35,27,29,40,23,17,23,37,38,39
5,5,5,4,5,4,5,5,4,5,3,5,5,4,4,5,4,4,4,5,4,5,4,4,4,4,4,4,4,4,4,4,3,3,3,4,4,3,3,3,3,3,2,3,3,4,5,4,4,4,5,5,3,4,4,2,4,2,4,3,4,3,2,2,3,3,2,2,28,30,29,32,26,27,28,19,18,38,35,34
5,5,3,4,1,4,3,3,3,5,1,5,4,4,5,5,5,5,5,5,5,5,4,5,4,2,2,3,4,4,4,4,4,4,3,4,4,4,4,4,4,3,1,3,2,4,5,3,2,2,1,2,2,1,1,1,1,2,2,4,1,1,4,3,2,3,2,1,24,32,34,27,31,25,8,12,18,28,32,39
4,5,4,4,1,4,4,5,5,5,4,5,5,5,4,5,5,4,4,4,5,4,5,5,4,5,4,5,3,3,3,4,5,5,4,4,4,5,4,5,4,5,4,4,3,5,5,5,1,1,1,2,5,1,1,3,5,1,5,4,1,1,3,5,4,1,5,1,26,31,32,31,36,35,11,16,24,31,38,36
5,5,4,5,5,5,3,4,5,5,5,5,5,5,4,4,4,4,3,3,3,2,4,5,4,4,4,5,4,4,4,4,4,4,4,4,4,3,4,4,2,4,4,4,4,4,4,4,1,1,1,1,2,1,1,1,1,1,1,1,1,1,3,2,3,1,1,2,27,29,26,33,31,30,7,7,13,36,38,28
5,5,5,5,5,5,5,4,5,5,5,5,5,4,5,5,5,5,5,5,5,3,5,5,5,5,5,5,4,5,5,5,4,4,4,4,4,5,5,3,5,5,3,5,5,5,3,4,4,2,2,1,3,5,5,4,4,1,2,3,1,4,4,5,5,3,1,1,29,30,35,39,33,35,25,13,22,39,39,38
5,5,4,5,3,4,2,1,1,4,,,4,4,4,4,3,4,4,5,5,3,4,4,4,4,3,4,4,4,4,3,3,4,4,4,4,4,5,5,5,5,3,3,4,4,4,4,4,4,1,3,5,1,1,4,4,2,3,2,1,1,3,3,5,2,2,4,22,17,29,30,33,32,13,17,25,29,21,32
4,5,3,4,5,4,3,2,4,4,5,5,4,3,3,5,4,4,5,4,4,3,4,4,3,3,3,3,2,3,3,2,2,3,4,3,3,3,4,4,4,4,1,2,3,4,5,2,3,4,3,4,5,4,2,3,2,2,3,2,3,2,5,1,4,3,2,1,22,25,29,22,26,25,19,17,22,30,33,32
5,5,5,5,5,4,4,4,4,5,3,5,5,4,4,5,5,5,5,5,5,4,5,5,4,4,4,5,2,2,2,4,4,4,5,5,4,4,4,4,3,5,4,5,5,5,5,5,2,2,1,2,5,2,2,2,4,1,2,2,1,2,4,4,2,1,1,3,27,30,35,27,34,37,14,10,21,37,35,39
5,5,5,5,5,5,5,1,3,5,2,5,5,4,4,4,4,4,4,4,4,4,4,4,3,4,2,5,2,2,2,2,3,3,4,4,4,4,5,4,5,5,4,4,4,4,5,4,2,3,1,2,3,2,2,4,2,2,2,1,1,1,3,3,1,2,3,3,26,29,28,22,31,35,11,9,23,36,32,32
4,4,5,5,5,4,4,4,5,5,2,4,5,4,5,5,4,5,5,5,4,4,4,5,4,4,4,3,1,4,5,4,3,4,3,3,4,3,3,3,2,3,3,3,3,3,5,5,2,1,3,3,2,3,4,3,2,1,3,2,3,3,2,3,3,3,2,3,25,32,32,29,26,27,20,12,19,35,35,36
4,4,4,5,5,5,5,3,4,4,1,5,5,4,5,5,5,5,5,5,5,3,5,5,5,4,3,4,2,2,3,3,4,4,4,4,4,3,3,4,5,5,3,4,5,5,5,3,2,2,1,1,5,1,2,3,1,2,1,3,1,1,3,2,2,2,2,1,26,32,35,26,30,35,9,9,20,35,33,38
4,4,4,4,4,3,4,3,3,4,3,4,3,2,3,3,3,4,4,4,4,3,4,4,4,4,3,4,3,2,3,3,4,4,4,4,4,4,4,3,4,4,3,3,4,4,4,3,2,2,2,2,4,2,2,3,2,2,2,2,1,2,3,1,2,3,3,3,22,22,27,26,31,29,13,10,22,30,25,30
4,5,5,4,5,5,4,5,4,4,3,5,5,4,2,4,5,4,4,4,4,3,2,2,4,4,3,4,4,2,3,5,4,3,3,3,4,4,4,2,4,5,4,4,4,5,5,4,2,2,1,1,4,3,4,4,2,2,2,2,3,1,3,5,5,2,5,2,27,26,25,29,27,35,16,12,27,37,31,28
5,4,4,5,5,4,4,3,4,4,4,5,5,3,4,4,4,5,4,3,4,3,3,4,4,3,3,4,3,3,3,3,4,4,5,4,4,4,4,4,4,3,3,4,4,3,3,2,2,4,2,2,4,2,2,3,2,2,2,3,1,2,3,3,3,2,3,2,25,26,27,26,33,26,13,14,22,34,33,30
5,5,5,5,5,5,5,5,5,5,3,5,5,5,5,5,5,5,5,5,5,1,5,5,5,5,5,5,3,5,5,5,5,5,3,5,4,5,5,5,3,3,2,2,5,5,5,2,1,2,1,1,5,1,2,1,1,1,5,1,1,2,1,1,1,1,1,1,30,33,35,38,37,27,9,10,12,40,38,36
5,5,5,5,5,5,5,5,5,5,5,5,5,4,5,5,5,5,5,5,5,4,5,5,4,5,4,5,4,4,5,5,4,2,4,4,4,4,4,3,5,2,2,3,4,5,5,4,4,3,2,2,3,2,2,4,3,1,2,2,2,4,2,4,2,1,1,4,30,30,35,36,29,30,19,11,20,40,39,39
5,5,5,4,5,4,5,2,5,5,5,5,5,4,1,5,5,3,3,5,5,5,5,4,4,5,5,5,5,5,5,5,1,2,2,4,3,3,3,5,3,3,2,4,4,3,4,5,4,5,5,2,5,5,1,3,3,1,3,1,3,3,5,5,2,1,1,1,25,26,30,39,23,28,24,13,22,35,35,35
5,5,5,5,5,5,4,4,4,5,5,5,5,5,4,5,4,4,5,5,5,2,4,4,4,3,3,4,2,2,3,3,4,4,5,4,4,3,5,4,4,5,3,3,3,4,5,3,1,1,1,3,4,3,2,2,1,1,1,3,2,2,3,5,5,2,1,3,28,29,31,24,33,30,12,13,21,38,38,33
5,5,5,5,5,5,5,3,4,5,5,5,5,5,4,5,5,5,5,5,5,3,5,5,3,5,4,5,5,4,5,5,2,2,3,4,3,3,3,4,4,3,3,3,3,3,5,4,4,4,1,2,2,3,2,3,2,1,2,1,3,4,3,3,2,1,1,2,28,29,35,36,24,28,19,11,16,38,38,38
5,5,3,5,5,4,2,1,4,3,1,5,4,3,2,5,5,3,3,4,4,2,4,5,3,3,3,3,3,3,3,3,4,4,4,4,4,3,5,5,3,2,2,3,4,4,3,4,2,2,1,2,5,2,2,2,2,3,2,2,2,1,4,2,2,2,2,3,22,27,28,24,33,25,12,10,23,30,27,30
5,5,5,5,5,5,4,4,5,5,5,5,5,4,4,5,5,5,5,5,5,4,5,4,4,4,3,5,3,5,3,4,4,4,4,3,4,4,4,4,3,3,2,3,4,4,5,3,2,3,1,2,3,2,2,2,2,2,3,4,2,2,3,3,2,2,2,3,28,29,34,31,31,27,13,14,20,38,38,38
5,5,5,5,5,5,4,5,4,5,3,5,5,5,5,5,4,4,4,5,5,4,5,5,5,5,5,5,5,5,5,5,3,4,4,3,4,2,2,3,2,2,1,2,3,4,3,4,3,4,3,4,4,4,4,2,4,1,4,3,5,5,4,4,4,3,2,3,29,32,32,40,25,21,28,19,23,39,37,36
5,5,5,5,5,5,5,5,5,5,5,5,5,3,3,5,5,5,5,5,5,2,5,5,5,4,5,5,2,3,2,4,5,5,5,3,5,4,4,4,4,4,4,4,4,4,5,3,2,2,1,1,3,1,1,3,1,1,1,1,1,1,1,3,1,2,1,3,30,27,35,30,35,32,8,6,17,40,36,37
5,5,4,4,5,4,4,3,5,5,5,5,5,3,3,4,4,4,4,4,4,4,4,4,4,4,3,4,2,3,4,4,3,3,4,3,4,3,4,4,4,4,3,3,3,3,3,3,2,2,1,3,3,2,2,2,2,1,2,2,2,1,3,3,2,2,2,2,25,26,28,28,28,26,12,11,18,34,35,32
5,5,5,5,5,5,4,4,5,5,1,5,5,5,5,5,5,5,5,5,5,5,5,5,5,5,2,5,5,4,5,5,4,4,4,4,4,4,4,5,2,3,2,4,4,4,5,3,2,2,3,2,4,2,2,2,2,2,2,2,2,4,2,2,2,2,1,1,28,35,35,36,33,27,17,10,16,38,36,40
5,5,5,5,5,5,5,5,5,5,4,5,5,4,5,5,5,5,5,5,5,3,5,5,5,5,5,5,4,4,4,5,4,4,4,4,5,4,4,4,5,4,4,4,5,4,5,5,4,4,3,2,5,4,3,4,3,1,4,3,3,4,3,3,2,2,1,4,30,31,35,37,33,36,24,15,23,40,38,38
5,5,5,5,5,5,5,5,5,5,5,5,5,5,5,5,5,5,5,5,5,4,5,5,5,5,5,5,1,5,5,5,5,5,5,5,5,4,4,5,5,5,5,5,5,5,5,5,1,2,1,1,5,1,1,1,1,1,1,3,1,1,1,1,1,1,1,1,30,31,35,36,38,40,7,8,12,40,40,39
5,5,5,5,5,5,5,3,5,5,3,5,5,5,2,5,5,5,5,5,5,3,4,4,4,4,3,4,4,2,4,3,3,4,3,4,4,1,4,4,2,1,1,1,2,3,5,3,3,3,2,2,5,4,4,3,4,1,2,1,4,4,3,1,2,2,1,3,28,30,33,28,27,18,25,10,19,38,35,36
5,5,5,5,1,5,5,5,5,5,5,5,5,4,4,5,5,5,3,5,5,4,4,5,3,3,3,5,2,3,3,3,4,4,4,3,3,3,4,4,5,4,3,4,4,4,5,4,2,3,1,2,2,1,1,3,1,2,2,1,1,1,3,5,1,1,1,1,30,29,32,25,29,33,8,9,18,36,38,36
5,5,5,5,1,5,5,5,5,5,5,5,5,5,4,5,5,5,5,5,5,1,5,5,4,4,4,4,4,4,4,4,4,4,4,4,5,4,4,4,3,4,3,3,3,4,5,5,2,2,2,1,3,1,1,2,3,1,3,2,1,3,3,2,1,1,2,3,30,30,35,32,33,30,13,9,17,36,39,36
5,5,4,4,5,4,4,4,4,4,3,4,5,4,4,4,4,4,4,4,4,4,4,4,4,4,4,4,4,2,3,4,3,3,3,4,4,2,3,4,4,4,3,3,3,4,4,3,2,2,1,2,4,2,2,3,1,2,2,2,1,2,2,2,1,1,2,2,26,27,28,29,26,28,11,9,18,35,32,32
5,5,5,5,5,5,5,5,5,5,,5,5,4,4,5,5,4,4,5,5,2,4,5,5,5,5,5,5,4,5,5,3,4,4,4,4,4,5,4,2,2,2,4,4,5,4,4,2,2,1,1,5,2,1,1,2,1,1,1,1,1,2,2,2,2,2,2,30,28,32,39,32,27,10,7,17,40,33,34
5,5,5,5,5,5,3,3,5,5,4,5,4,3,5,5,5,5,5,5,5,4,5,5,4,4,4,4,4,4,4,4,3,3,3,3,4,3,4,4,5,5,3,5,5,5,5,4,2,2,1,2,4,4,4,4,2,1,2,5,4,4,4,4,5,1,1,1,26,30,35,32,27,37,21,16,20,36,36,39
5,5,3,5,5,5,4,4,5,5,3,5,5,3,2,3,5,5,5,5,5,1,5,5,5,5,5,5,4,4,4,4,5,5,5,5,5,4,5,5,3,3,2,4,4,5,4,5,1,2,1,1,5,1,1,3,1,1,2,4,1,1,1,1,4,1,1,3,28,26,35,36,39,30,7,13,16,36,31,36
5,5,5,5,5,5,5,3,5,5,5,5,5,5,3,5,4,5,5,4,5,2,5,5,4,4,4,5,3,3,4,4,5,5,5,4,5,5,5,5,5,5,3,4,4,5,5,4,2,2,1,2,4,1,2,3,1,1,2,2,1,1,2,3,1,1,1,1,28,29,33,31,39,35,9,9,16,38,38,35
5,5,5,5,5,5,5,5,5,5,3,5,5,5,4,5,5,5,5,5,5,4,5,5,4,4,4,5,4,3,4,4,4,5,5,4,4,4,5,5,5,3,3,3,4,4,4,3,2,1,1,1,4,1,1,1,1,1,1,2,1,1,1,1,1,1,1,1,30,32,35,32,36,29,8,6,11,40,37,39
4,4,4,3,5,5,3,2,5,5,4,5,5,2,1,5,4,2,1,3,4,5,5,3,5,5,5,5,5,5,5,5,1,2,1,4,4,2,4,5,2,2,2,5,2,5,5,2,2,1,1,1,4,1,1,1,1,1,1,1,2,1,2,5,1,1,1,1,21,25,22,40,23,25,9,5,16,30,32,27
5,5,5,5,5,5,5,5,5,5,5,5,5,5,5,5,5,5,5,5,5,1,5,5,5,5,5,5,5,5,5,5,5,5,5,5,5,5,5,5,5,3,3,3,5,5,5,5,1,1,1,2,5,1,1,2,1,1,1,1,1,1,2,5,1,1,1,1,30,31,35,40,40,34,7,6,18,40,40,36
5,5,5,5,5,5,5,4,5,5,5,4,5,5,5,5,5,5,5,5,5,2,5,5,5,5,5,5,2,3,4,4,4,4,5,5,5,5,3,4,4,4,4,4,1,4,5,4,2,2,2,2,4,2,2,2,2,1,1,1,1,1,2,2,1,2,2,2,29,30,35,33,35,30,12,7,17,39,39,37
5,5,5,5,5,5,5,5,5,5,3,5,5,5,5,5,5,5,5,5,5,5,5,5,5,5,5,5,5,5,5,5,3,3,3,3,4,3,3,4,2,2,1,2,2,4,5,3,3,3,4,3,4,4,4,2,2,1,5,4,2,3,4,1,3,1,1,1,30,33,35,40,26,21,22,18,15,40,38,40
5,5,5,5,5,4,4,2,4,5,4,5,5,2,5,5,5,4,4,5,5,5,5,5,5,5,4,5,5,5,5,5,4,1,3,2,3,3,3,4,1,1,1,1,1,1,5,1,5,5,5,1,5,1,5,5,1,1,1,1,1,1,3,5,5,1,1,5,25,28,33,39,23,12,19,13,26,35,35,38
5,5,5,5,5,5,5,5,5,5,5,5,5,5,5,5,5,5,5,5,5,5,5,5,5,5,5,5,5,5,5,5,3,3,3,5,5,5,5,5,5,5,5,5,5,5,5,5,3,3,3,3,5,3,3,3,3,1,5,5,5,2,2,3,5,1,1,5,30,31,35,40,34,40,22,21,21,40,40,40
5,5,5,5,1,5,5,5,5,5,5,5,5,5,5,5,5,5,5,5,5,5,5,5,5,5,5,5,5,5,5,5,3,3,3,3,4,3,5,5,1,3,2,3,3,4,5,3,1,3,1,5,4,5,3,3,4,1,5,5,3,2,4,2,5,1,1,1,30,31,35,40,29,24,19,23,17,36,40,40
5,5,5,5,5,5,5,5,5,5,3,5,5,5,4,5,5,5,5,5,5,4,3,5,3,3,4,5,4,2,3,2,4,4,3,3,4,3,5,5,5,4,4,3,5,3,5,4,2,2,2,2,5,3,1,1,1,1,1,1,1,2,1,1,1,4,1,3,30,32,33,26,31,33,12,7,17,40,37,37
4,5,4,4,4,5,4,4,4,4,4,4,4,3,4,4,3,5,5,5,5,4,5,4,3,4,4,5,4,4,4,4,3,3,3,3,3,3,3,2,3,4,3,3,2,4,4,5,3,4,2,1,4,4,4,3,4,2,4,2,4,3,3,3,4,2,3,2,26,25,32,32,23,28,24,15,22,34,31,36
5,5,5,5,5,5,5,5,4,5,5,5,5,4,4,5,4,5,5,5,5,3,5,5,5,3,5,4,3,3,4,4,4,4,4,4,4,4,4,4,3,4,4,3,4,5,5,4,1,1,1,2,4,1,1,1,1,1,1,3,1,1,1,1,2,1,2,3,30,28,34,31,32,32,7,9,14,40,37,37
5,5,5,5,4,5,4,4,4,5,4,4,4,4,4,4,4,4,4,4,4,4,4,4,4,4,4,4,3,3,3,3,2,4,4,4,4,2,4,4,4,4,3,4,2,3,4,4,2,2,2,3,4,2,2,4,3,2,4,3,2,2,2,2,3,2,2,2,28,27,28,28,28,28,15,15,20,37,33,32
5,4,4,5,4,5,3,3,2,5,1,4,5,5,4,5,5,5,5,3,5,3,4,5,4,5,3,5,4,5,3,3,4,1,3,5,5,1,2,3,2,5,4,3,4,5,5,2,1,3,1,3,5,3,1,3,2,1,2,3,3,3,4,1,3,2,2,1,25,30,32,32,24,30,14,14,19,33,31,35
5,5,5,5,5,5,3,4,4,5,4,5,5,5,4,3,5,3,3,4,3,2,4,5,5,4,4,5,4,2,2,4,4,4,4,5,5,3,5,5,5,5,1,4,4,3,3,4,2,3,1,3,4,1,1,2,1,1,3,2,1,1,3,3,3,1,1,2,27,28,27,30,35,29,8,14,17,37,35,29
5,5,5,5,5,5,4,3,5,5,5,5,5,5,4,4,5,5,5,3,5,4,5,4,5,4,4,5,4,5,4,3,5,5,3,3,3,4,4,4,5,4,4,5,1,4,4,5,1,2,1,2,3,1,1,1,1,3,1,1,1,1,2,2,2,2,2,1,27,29,32,34,31,32,7,8,16,37,38,36
5,4,4,4,5,5,4,5,5,4,4,4,4,5,4,5,4,4,4,5,4,3,4,5,4,5,5,4,3,4,4,5,4,4,3,3,4,4,4,4,4,2,3,4,4,4,5,4,2,4,1,2,4,1,2,2,2,1,1,1,1,2,2,3,3,1,1,3,27,29,30,34,30,30,11,11,17,36,35,33
5,5,4,5,5,5,5,3,5,5,3,5,5,4,5,5,5,5,5,5,5,4,5,5,5,5,5,5,3,5,5,5,3,4,4,5,5,3,4,4,2,2,1,2,4,5,4,5,2,3,1,3,5,2,1,3,4,1,1,4,2,5,2,1,5,1,1,1,28,32,35,38,32,25,17,16,15,37,37,39
5,5,5,5,4,4,4,2,5,5,2,4,4,2,4,4,4,5,5,5,5,4,5,5,5,4,5,5,4,4,5,5,3,3,3,4,4,2,3,3,4,4,3,4,5,5,5,4,3,4,3,4,4,4,3,2,2,2,3,4,4,2,3,4,2,2,4,1,25,28,34,37,25,34,21,17,22,34,30,38
5,5,5,5,5,5,5,4,4,5,2,5,5,4,5,5,5,5,5,5,5,3,5,5,4,4,4,4,3,3,4,4,4,4,4,4,4,3,4,4,5,4,4,4,4,4,5,4,2,2,1,2,4,2,2,2,2,1,2,2,2,2,3,2,2,2,2,3,29,32,35,30,31,34,13,10,19,39,35,38
5,5,5,5,5,5,5,5,5,5,5,5,5,3,5,5,5,5,5,5,5,5,5,5,5,5,5,5,3,5,5,5,5,5,5,5,4,5,2,5,5,5,1,1,3,3,5,1,1,1,1,1,3,1,1,1,1,1,1,5,1,1,1,1,1,1,1,1,30,29,35,38,36,24,7,9,10,40,38,40
5,5,3,4,3,4,3,3,5,5,2,3,3,3,4,2,3,4,3,4,5,3,3,4,4,4,3,4,5,3,4,3,4,4,3,4,4,3,4,5,4,4,2,4,4,3,5,4,4,3,2,2,4,2,4,1,2,2,3,2,3,2,2,2,2,1,2,3,24,26,26,30,31,30,19,12,17,30,27,29
5,5,5,5,5,5,4,4,5,5,5,5,5,4,5,5,5,5,5,3,4,3,5,5,4,5,5,4,4,3,4,3,4,5,5,5,5,4,4,5,2,3,3,2,5,5,5,5,5,4,4,2,5,5,4,1,2,1,1,1,3,1,4,1,5,1,1,1,28,30,32,32,37,30,24,13,15,38,39,35
5,5,5,5,5,5,5,5,5,5,5,5,5,3,4,5,3,5,5,5,5,4,5,5,5,5,5,5,4,5,5,5,3,3,3,3,3,2,4,2,2,2,2,3,3,4,5,4,5,4,5,5,4,5,5,1,3,1,5,5,4,3,3,1,5,1,1,1,30,28,33,39,23,25,30,24,13,40,37,37
5,5,5,5,5,5,5,3,5,5,5,5,5,3,5,5,5,4,5,5,5,3,5,5,5,4,3,4,4,3,4,3,4,2,4,4,4,3,4,4,4,4,4,4,4,4,5,5,2,3,2,3,4,2,1,3,1,2,2,4,2,2,3,2,3,2,2,1,28,29,34,30,29,34,12,15,19,38,38,37
4,5,4,5,4,5,3,2,4,5,2,5,5,4,2,5,4,5,4,5,5,4,5,4,2,4,2,5,4,2,2,2,4,4,4,4,4,2,4,2,2,4,2,2,4,4,4,4,2,4,4,4,2,4,4,2,2,2,4,5,4,2,5,4,5,4,1,4,24,29,32,23,28,26,22,22,24,32,32,36
5,5,5,5,5,5,5,5,5,5,5,5,5,3,5,5,5,5,5,5,5,2,5,5,5,5,4,5,3,4,4,4,4,4,4,4,4,3,4,5,5,4,3,3,4,4,5,3,2,2,2,2,4,2,2,3,2,1,2,1,2,2,3,3,1,1,1,3,30,29,35,34,32,31,14,8,19,40,38,37
5,5,4,4,5,5,4,4,5,5,4,5,5,5,4,5,4,4,5,5,5,3,5,4,4,5,4,5,3,5,4,4,4,4,4,4,4,2,3,4,4,2,2,2,4,4,4,3,4,3,2,3,3,3,3,2,4,1,2,3,2,2,2,2,1,3,1,2,27,31,32,34,29,25,20,12,16,36,38,35
5,5,5,5,5,5,5,5,5,5,3,5,5,4,3,5,5,5,5,5,5,4,5,5,4,4,4,4,5,3,3,2,3,4,4,5,4,3,4,4,3,2,3,4,4,4,5,4,2,2,5,4,2,1,4,4,2,1,4,3,1,1,1,4,5,5,2,2,30,30,35,29,31,29,16,18,21,40,35,39
5,5,5,5,5,4,4,3,4,4,4,5,4,4,3,4,4,4,3,4,4,3,3,4,4,3,3,4,2,2,4,4,4,4,4,4,4,4,4,4,5,5,5,5,4,4,5,5,4,3,2,2,4,2,2,2,2,2,4,3,2,2,3,2,3,2,3,2,26,26,26,26,32,38,16,15,20,36,32,29
5,5,3,4,5,3,3,2,4,3,2,4,5,3,,,4,3,3,3,3,3,4,3,4,3,3,3,2,3,3,3,3,3,3,3,3,3,3,3,3,5,4,4,4,4,4,3,2,1,1,4,3,1,1,2,3,3,1,1,1,1,1,1,1,5,1,1,22,18,23,24,24,31,10,8,17,30,21,26
5,5,5,5,5,5,5,5,5,5,3,5,5,5,5,5,5,5,5,,5,4,5,5,4,5,5,5,5,5,5,5,2,3,4,4,4,2,4,4,1,1,2,2,1,2,5,2,4,5,3,3,4,2,3,1,3,1,1,4,3,4,4,2,5,1,1,2,30,33,30,39,27,16,22,18,16,40,38,34
5,5,5,5,5,5,5,4,5,5,4,5,5,5,4,5,5,5,5,5,5,5,5,5,4,5,5,5,4,3,3,5,2,2,3,4,4,2,2,2,1,1,1,1,1,3,5,2,4,4,3,4,3,2,4,1,4,1,4,1,4,4,4,1,2,3,1,4,29,31,35,34,21,15,25,15,18,39,38,40
5,4,4,4,5,4,3,3,5,5,4,5,5,3,3,4,4,3,3,3,3,4,4,5,4,4,4,4,2,3,4,4,4,4,4,3,3,3,3,4,4,4,4,4,3,4,5,4,2,2,1,1,3,1,1,1,1,2,3,2,1,1,2,2,1,4,2,2,23,27,25,29,28,32,8,9,18,32,34,29
5,5,5,5,5,5,5,5,4,5,5,5,5,5,5,5,5,5,5,5,5,3,5,5,4,4,4,4,5,5,5,5,5,4,4,4,5,5,5,5,5,4,1,5,5,5,5,5,5,1,5,2,5,1,3,5,3,1,5,3,5,3,2,1,4,2,2,1,30,30,35,36,37,35,25,15,19,40,39,38
5,5,5,5,5,5,5,4,5,5,3,5,5,4,5,5,5,5,5,5,5,3,5,5,4,4,3,5,3,4,4,3,3,4,3,4,3,4,4,4,4,4,4,4,4,4,5,4,3,2,2,2,4,3,2,3,3,1,3,5,2,1,1,3,4,1,1,2,29,32,35,30,29,33,16,16,16,39,37,38
5,5,5,5,5,5,5,4,5,5,5,5,5,5,4,5,5,5,5,5,5,3,5,5,5,4,4,5,1,4,4,4,4,4,4,4,4,4,4,4,5,5,5,5,5,5,5,5,3,3,1,2,4,3,3,3,3,1,3,3,1,1,3,1,3,2,2,3,29,30,35,31,32,40,15,14,19,39,39,38
5,5,5,5,5,5,4,2,5,5,4,5,5,2,1,5,5,5,5,5,5,1,5,5,4,4,5,5,5,5,5,3,3,4,4,2,3,2,4,4,3,3,3,2,3,5,3,4,5,5,5,5,5,5,5,5,4,1,5,5,5,5,1,5,4,1,1,5,26,25,35,36,26,26,34,24,24,36,32,36
5,5,5,5,5,5,4,3,5,5,4,5,5,5,3,5,5,5,4,4,4,3,5,5,4,5,5,4,3,5,4,5,3,3,3,4,4,2,3,4,5,5,4,5,5,4,5,4,2,3,2,3,4,1,2,2,2,1,3,3,3,2,2,1,4,3,1,3,27,30,32,35,26,37,14,16,17,37,37,35
5,5,4,5,5,4,4,4,5,5,2,5,5,3,4,4,5,5,4,4,4,3,4,4,4,3,4,5,3,3,3,4,4,4,3,4,4,4,4,4,3,3,3,3,4,3,4,4,2,3,1,2,4,3,2,2,2,2,2,2,2,2,3,3,2,3,2,2,27,30,30,29,31,27,14,11,21,36,33,33
4,4,4,4,4,4,4,4,4,4,3,4,4,4,4,3,4,4,4,4,4,2,4,4,3,3,4,4,2,2,3,3,4,4,4,4,4,4,4,4,4,3,3,3,4,3,4,3,2,2,1,2,3,3,2,2,2,2,2,1,2,3,3,3,3,3,3,3,24,26,28,24,32,27,15,10,22,32,30,30
4,4,4,4,4,4,4,4,4,4,4,4,4,3,3,4,4,4,4,4,4,3,4,4,4,4,4,4,2,3,4,3,3,3,3,3,3,3,3,3,4,4,4,3,4,4,4,4,3,3,4,3,4,2,2,2,2,2,3,3,2,1,2,1,2,2,2,3,24,24,28,28,24,31,16,14,18,32,30,31
5,5,5,5,5,5,5,2,4,5,4,5,5,4,4,4,5,4,4,4,4,4,4,4,4,4,4,5,2,2,4,4,4,4,3,4,4,2,4,4,4,4,3,5,4,4,4,4,2,2,1,2,4,2,2,2,1,1,2,2,2,1,2,1,2,4,2,2,27,28,29,29,29,32,11,10,18,37,35,33
5,5,5,5,5,5,3,2,5,4,2,5,5,4,3,5,5,5,5,5,5,4,3,5,4,4,2,5,4,4,4,2,2,4,2,4,5,1,4,4,2,2,1,2,2,3,5,4,3,1,1,1,3,4,4,1,1,1,1,2,3,1,1,2,4,1,4,4,25,30,33,29,26,21,17,9,17,35,33,37
5,5,5,5,5,5,5,2,3,5,5,5,5,5,5,5,5,5,5,5,5,5,5,5,4,5,3,5,5,5,5,5,3,3,4,4,3,3,3,3,4,4,3,4,3,5,5,4,3,3,4,3,3,3,5,3,4,1,3,4,3,3,3,3,3,3,1,2,27,29,35,37,26,32,25,16,19,37,38,40
5,5,5,5,5,5,4,4,4,5,3,5,5,4,4,4,4,4,4,4,4,3,4,4,3,3,2,4,5,3,3,3,3,4,4,4,3,3,3,3,4,3,3,4,4,4,4,4,2,3,4,4,3,2,2,3,3,2,4,4,2,2,3,3,4,3,1,3,28,29,28,26,27,30,17,19,21,38,34,31
4,4,4,4,5,4,3,4,4,4,4,4,5,4,3,4,4,4,4,4,4,4,4,4,3,4,4,4,3,3,3,3,2,2,3,3,3,3,4,3,4,4,3,3,4,4,4,4,3,4,1,2,4,2,2,2,3,2,3,2,3,2,2,3,2,3,2,3,23,25,28,27,23,30,16,13,21,32,32,32
5,5,4,4,4,4,4,3,5,5,5,5,5,4,3,4,5,4,4,4,4,3,4,4,3,3,3,4,3,2,3,3,4,3,4,5,4,4,4,5,4,3,3,3,4,4,5,3,2,3,1,3,3,1,1,3,1,2,2,2,1,1,3,3,1,1,1,3,25,27,29,24,33,29,8,11,19,33,36,32
5,5,5,5,5,5,5,1,3,5,3,5,5,5,3,5,5,5,5,5,5,5,5,5,3,3,3,4,5,3,3,3,2,2,1,4,3,2,2,3,3,3,3,3,5,3,5,3,3,5,1,1,4,3,3,3,2,2,2,5,3,4,2,2,2,1,1,1,26,29,35,27,19,28,19,15,16,36,34,40
4,4,4,3,4,4,3,1,3,5,3,4,2,3,2,5,5,5,5,4,4,4,4,4,2,3,1,5,4,2,2,2,1,1,3,4,3,4,4,4,4,4,3,4,4,5,4,5,2,4,1,5,4,5,1,4,1,2,4,1,1,5,5,5,4,2,2,4,19,25,31,21,24,33,16,18,28,27,27,35
5,5,5,5,5,5,5,5,1,5,5,5,5,5,4,5,3,5,5,5,5,5,5,5,5,3,2,5,3,3,3,5,1,2,3,3,4,3,3,3,3,3,2,3,3,3,5,3,4,4,3,4,3,2,3,3,3,3,3,5,3,3,2,2,4,2,4,1,30,26,33,29,22,25,21,20,20,40,35,38
4,4,4,4,2,4,4,3,4,4,4,4,5,5,4,4,4,4,4,4,4,3,4,4,4,3,4,4,3,4,4,4,4,4,4,4,4,4,4,4,4,4,4,4,4,4,4,4,4,3,3,3,3,3,4,4,4,2,4,4,3,2,4,2,2,4,2,3,23,27,28,30,32,32,23,16,24,29,34,31